identifier,condition,task_1,task_2,total_time,total_time_map,total_time_calendar,total_time_overview,total_circle_clicks,total_circle_clicks_add,total_circle_clicks_remove,total_circle_clicks_map,total_circle_clicks_map_add,total_circle_clicks_map_remove,total_circle_clicks_calendar,total_circle_clicks_calendar_add,total_circle_clicks_calendar_remove,total_remove_single_clicks,total_remove_all_clicks,total_sort_open_clicks,total_sort_option_clicks,total_circle_hovers,total_circle_hovers_map,total_circle_hovers_calendar,map_circle_hover,map_circle_click_add,map_circle_click_remove,calendar_circle_hover,calendar_circle_click_add,calendar_circle_click_remove,overview_remove_single,overview_remove_all,overview_sort_open,overview_sort_option
1,1,1,3,83.03,54.6,0.0,28.43,15,9,6,9,9,0,0,0,0,5,1,0,0,35,35,0,0-9-0-0-0-0-2-0-0-0,8-0-0-0-0-0-1-0-0-0,0-0-0-0-0-0-0-0-0-0,0-0-0-0-0-0-0-0-0-0,0-0-0-0-0-0-0-0-0-0,0-0-0-0-0-0-0-0-0-0,1-0-0-0-0-0-0-0-0-0,1-0-0-0-0-0-0-0-0-0,0-0-0-0-0-0-0-0-0-0,0-0-0-0-0-0-0-0-0-0
2,1,1,3,275.56,178.06,0.0,97.51,18,11,7,11,11,0,0,0,0,6,1,0,0,83,83,0,0-11-0-0-0-0-2-0-0-0,11-0-0-0-0-0-0-0-0-0,0-0-0-0-0-0-0-0-0-0,0-0-0-0-0-0-0-0-0-0,0-0-0-0-0-0-0-0-0-0,0-0-0-0-0-0-0-0-0-0,1-0-0-0-0-0-0-0-0-0,1-0-0-0-0-0-0-0-0-0,0-0-0-0-0-0-0-0-0-0,0-0-0-0-0-0-0-0-0-0
3,2,2,4,116.37,96.28,1.96,18.12,9,6,3,6,6,0,0,0,0,2,1,0,0,44,44,0,0-6-0-0-0-0-1-0-0-0,6-0-0-0-0-0-0-0-0-0,0-0-0-0-0-0-0-0-0-0,0-0-0-0-0-0-0-0-0-0,0-0-0-0-0-0-0-0-0-0,0-0-0-0-0-0-0-0-0-0,1-0-0-0-0-0-0-0-0-0,1-0-0-0-0-0-0-0-0-0,0-0-0-0-0-0-0-0-0-0,0-0-0-0-0-0-0-0-0-0
4,2,2,4,109.47,5.56,78.71,25.2,13,8,5,0,0,0,8,8,0,4,1,0,0,42,0,42,0-0-0-0-0-0-0-0-0-0,0-0-0-0-0-0-0-0-0-0,0-0-0-0-0-0-0-0-0-0,0-0-0-0-8-0-0-0-0-0,0-0-0-5-0-0-3-0-0-0,0-0-0-0-0-0-0-0-0-0,0-0-0-2-0-0-0-0-0-0,0-0-0-1-0-0-0-0-0-0,0-0-0-0-0-0-0-0-0-0,0-0-0-0-0-0-0-0-0-0
5,2,2,4,238.62,43.79,192.68,2.15,12,7,5,0,0,0,12,7,5,0,0,0,0,122,0,122,0-0-0-0-0-0-0-0-0-0,0-0-0-0-0-0-0-0-0-0,0-0-0-0-0-0-0-0-0-0,0-0-0-0-7-5-0-0-0-0,0-0-0-7-0-0-0-0-0-0,0-0-0-5-0-0-0-0-0-0,0-0-0-0-0-0-0-0-0-0,0-0-0-0-0-0-0-0-0-0,0-0-0-0-0-0-0-0-0-0,0-0-0-0-0-0-0-0-0-0
6,1,1,3,374.57,190.45,149.98,34.14,26,14,12,3,3,0,18,11,7,4,1,0,0,57,25,32,0-3-0-0-0-0-0-0-0-0,1-0-0-0-0-0-2-0-0-0,0-0-0-0-0-0-0-0-0-0,0-0-0-0-11-7-0-0-0-0,0-0-0-11-0-0-0-0-0-0,0-0-0-6-0-0-1-0-0-0,2-0-0-1-0-0-0-0-0-0,1-0-0-0-0-0-0-0-0-0,0-0-0-0-0-0-0-0-0-0,0-0-0-0-0-0-0-0-0-0
7,1,1,3,1510.58,765.79,315.39,429.4,70,37,33,31,22,9,24,15,9,14,1,0,0,93,59,34,0-21-5-1-0-0-0-1-0-0,17-0-4-0-0-0-1-0-0-0,8-1-0-0-0-0-0-0-0-0,1-0-0-0-13-7-1-0-0-0,0-0-0-13-0-2-0-0-0-0,0-0-0-7-2-0-0-0-0-0,0-0-0-0-0-0-0-0-0-0,1-0-0-0-0-0-0-0-0-0,0-0-0-0-0-0-0-0-0-0,0-0-0-0-0-0-0-0-0-0
8,2,2,4,108.82,7.31,89.37,12.14,12,8,4,0,0,0,9,8,1,2,1,0,0,36,0,36,0-0-0-0-0-0-0-0-0-0,0-0-0-0-0-0-0-0-0-0,0-0-0-0-0-0-0-0-0-0,0-0-0-0-8-0-1-0-0-0,0-0-0-7-0-1-0-0-0-0,0-0-0-1-0-0-0-0-0-0,0-0-0-0-0-0-0-0-0-0,0-0-0-1-0-0-0-0-0-0,0-0-0-0-0-0-0-0-0-0,0-0-0-0-0-0-0-0-0-0
9,2,2,4,226.57,41.47,116.75,68.34,14,8,6,0,0,0,8,8,0,5,1,0,0,46,0,46,0-0-0-0-0-0-0-0-0-0,0-0-0-0-0-0-0-0-0-0,0-0-0-0-0-0-0-0-0-0,0-0-0-0-8-0-1-0-0-0,0-0-0-7-0-0-1-0-0-0,0-0-0-0-0-0-0-0-0-0,0-0-0-0-0-0-0-0-0-0,0-0-0-1-0-0-0-0-0-0,0-0-0-0-0-0-0-0-0-0,0-0-0-0-0-0-0-0-0-0
10,2,2,4,271.02,32.94,180.78,57.3,20,12,8,0,0,0,14,12,2,5,1,0,0,79,0,79,0-0-0-0-0-0-0-0-0-0,0-0-0-0-0-0-0-0-0-0,0-0-0-0-0-0-0-0-0-0,0-0-0-0-12-0-2-0-0-0,0-0-0-9-0-2-1-0-0-0,0-0-0-2-0-0-0-0-0-0,0-0-0-2-0-0-0-0-0-0,0-0-0-1-0-0-0-0-0-0,0-0-0-0-0-0-0-0-0-0,0-0-0-0-0-0-0-0-0-0
11,2,2,4,202.77,22.26,138.22,42.28,14,9,5,0,0,0,9,9,0,4,1,0,0,55,1,54,0-0-0-1-0-0-0-0-0-0,0-0-0-0-0-0-0-0-0-0,0-0-0-0-0-0-0-0-0-0,0-0-0-0-9-0-3-0-0-0,0-0-0-8-0-0-1-0-0-0,0-0-0-0-0-0-0-0-0-0,1-0-0-1-0-0-0-0-0-0,0-0-0-1-0-0-0-0-0-0,0-0-0-0-0-0-0-0-0-0,0-0-0-0-0-0-0-0-0-0
12,1,1,3,152.48,67.52,26.45,58.51,14,9,5,4,4,0,5,5,0,4,1,0,0,42,19,23,0-4-0-0-0-0-1-0-0-0,4-0-0-0-0-0-0-0-0-0,0-0-0-0-0-0-0-0-0-0,0-0-0-0-5-0-0-0-0-0,0-0-0-4-0-0-1-0-0-0,0-0-0-0-0-0-0-0-0-0,0-0-0-0-0-0-0-0-0-0,1-0-0-0-0-0-0-0-0-0,0-0-0-0-0-0-0-0-0-0,0-0-0-0-0-0-0-0-0-0
13,1,1,3,1011.27,448.3,518.39,44.58,45,28,17,0,0,0,40,28,12,4,1,0,0,99,1,98,0-0-0-1-0-0-0-0-0-0,0-0-0-0-0-0-0-0-0-0,0-0-0-0-0-0-0-0-0-0,0-0-0-0-25-7-1-0-0-0,1-0-0-21-0-5-1-0-0-0,0-0-0-9-3-0-0-0-0-0,0-0-0-2-0-0-0-1-0-0,0-0-0-1-0-0-0-0-0-0,0-0-0-0-0-0-0-0-0-0,0-0-0-0-0-0-0-0-0-0
14,2,2,4,150.66,46.16,44.88,59.62,14,9,5,4,4,0,5,5,0,4,1,0,0,30,14,16,0-4-0-0-0-0-0-0-0-0,3-0-0-0-0-0-1-0-0-0,0-0-0-0-0-0-0-0-0-0,0-0-0-0-5-0-0-0-0-0,0-0-0-4-0-0-1-0-0-0,0-0-0-0-0-0-0-0-0-0,0-0-0-0-0-0-0-0-0-0,1-0-0-0-0-0-0-0-0-0,0-0-0-0-0-0-0-0-0-0,0-0-0-0-0-0-0-0-0-0
15,2,2,4,108.17,33.22,40.8,34.15,12,8,4,3,3,0,5,5,0,3,1,0,0,33,8,25,0-3-0-0-0-0-1-0-0-0,3-0-0-0-0-0-0-0-0-0,0-0-0-0-0-0-0-0-0-0,1-0-0-0-5-0-1-0-0-0,0-0-0-5-0-0-0-0-0-0,0-0-0-0-0-0-0-0-0-0,0-0-0-0-0-0-0-0-0-0,0-0-0-1-0-0-0-0-0-0,0-0-0-0-0-0-0-0-0-0,0-0-0-0-0-0-0-0-0-0
16,2,2,4,225.17,11.1,103.42,110.64,14,9,5,0,0,0,9,9,0,4,1,0,0,44,0,44,0-0-0-0-0-0-0-0-0-0,0-0-0-0-0-0-0-0-0-0,0-0-0-0-0-0-0-0-0-0,0-0-0-0-9-0-1-0-0-0,0-0-0-8-0-0-1-0-0-0,0-0-0-0-0-0-0-0-0-0,0-0-0-0-0-0-0-0-0-0,0-0-0-1-0-0-0-0-0-0,0-0-0-0-0-0-0-0-0-0,0-0-0-0-0-0-0-0-0-0
17,2,2,4,331.98,106.23,151.33,74.42,16,10,6,0,0,0,10,10,0,5,1,0,0,47,4,43,0-0-0-0-0-0-0-0-0-0,0-0-0-0-0-0-0-0-0-0,0-0-0-0-0-0-0-0-0-0,0-0-0-0-9-0-2-0-0-0,0-0-0-9-0-0-1-0-0-0,0-0-0-0-0-0-0-0-0-0,1-0-0-1-0-0-0-0-0-0,0-0-0-0-0-0-0-0-0-0,0-0-0-0-0-0-0-0-0-0,0-0-0-0-0-0-0-0-0-0
18,1,1,3,262.52,130.36,46.74,85.41,49,27,22,26,14,12,13,13,0,10,0,0,0,67,39,28,0-13-11-2-0-0-0-0-0-0,12-0-1-0-0-0-1-0-0-0,10-1-0-1-0-0-0-0-0-0,0-0-0-0-13-0-1-0-0-0,3-0-0-10-0-0-0-0-0-0,0-0-0-0-0-0-0-0-0-0,1-0-0-0-0-0-0-0-0-0,0-0-0-0-0-0-0-0-0-0,0-0-0-0-0-0-0-0-0-0,0-0-0-0-0-0-0-0-0-0
19,2,2,4,146.73,9.74,102.65,34.33,19,9,6,0,0,0,9,9,0,5,1,2,2,60,0,60,0-0-0-0-0-0-0-0-0-0,0-0-0-0-0-0-0-0-0-0,0-0-0-0-0-0-0-0-0-0,0-0-0-0-9-0-0-1-1-0,0-0-0-8-0-0-0-0-1-0,0-0-0-0-0-0-0-0-0-0,0-0-0-0-0-0-0-0-0-0,0-0-0-1-0-0-0-0-0-0,0-0-0-0-0-0-0-0-0-2,0-0-0-0-0-0-2-0-0-0
20,1,1,3,204.71,121.83,12.8,70.08,16,10,6,10,10,0,0,0,0,5,1,0,0,36,36,0,0-10-0-0-0-0-2-0-0-0,9-0-0-0-0-0-1-0-0-0,0-0-0-0-0-0-0-0-0-0,0-0-0-0-0-0-0-0-0-0,0-0-0-0-0-0-0-0-0-0,0-0-0-0-0-0-0-0-0-0,1-0-0-0-0-0-0-0-0-0,1-0-0-0-0-0-0-0-0-0,0-0-0-0-0-0-0-0-0-0,0-0-0-0-0-0-0-0-0-0
21,1,1,3,141.83,81.3,11.4,49.13,19,12,7,15,12,3,0,0,0,4,0,0,0,44,44,0,0-11-3-0-0-0-2-0-0-0,12-0-0-0-0-0-0-0-0-0,2-1-0-0-0-0-0-0-0-0,0-0-0-0-0-0-0-0-0-0,0-0-0-0-0-0-0-0-0-0,0-0-0-0-0-0-0-0-0-0,1-0-0-0-0-0-0-0-0-0,0-0-0-0-0-0-0-0-0-0,0-0-0-0-0-0-0-0-0-0,0-0-0-0-0-0-0-0-0-0
22,2,2,4,147.62,70.75,42.97,33.9,12,8,4,4,4,0,4,4,0,3,1,0,0,47,24,23,0-4-0-1-0-0-1-0-0-0,4-0-0-0-0-0-0-0-0-0,0-0-0-0-0-0-0-0-0-0,0-0-0-0-4-0-0-0-0-0,0-0-0-3-0-0-1-0-0-0,0-0-0-0-0-0-0-0-0-0,0-0-0-0-0-0-0-0-0-0,1-0-0-0-0-0-0-0-0-0,0-0-0-0-0-0-0-0-0-0,0-0-0-0-0-0-0-0-0-0
23,2,2,4,150.36,21.94,85.93,42.49,16,10,6,0,0,0,10,10,0,5,1,0,0,38,0,38,0-0-0-0-0-0-0-0-0-0,0-0-0-0-0-0-0-0-0-0,0-0-0-0-0-0-0-0-0-0,0-0-0-0-10-0-0-1-0-0,0-0-0-7-0-0-3-0-0-0,0-0-0-0-0-0-0-0-0-0,0-0-0-1-0-0-0-0-0-0,0-0-0-1-0-0-0-0-0-0,0-0-0-0-0-0-0-0-0-0,0-0-0-0-0-0-0-0-0-0
24,2,2,4,138.42,5.97,87.2,45.25,15,9,6,0,0,0,9,9,0,5,1,0,0,61,0,61,0-0-0-0-0-0-0-0-0-0,0-0-0-0-0-0-0-0-0-0,0-0-0-0-0-0-0-0-0-0,0-0-0-0-9-0-1-0-0-0,0-0-0-8-0-0-1-0-0-0,0-0-0-0-0-0-0-0-0-0,0-0-0-0-0-0-0-0-0-0,0-0-0-1-0-0-0-0-0-0,0-0-0-0-0-0-0-0-0-0,0-0-0-0-0-0-0-0-0-0
25,2,2,4,94.18,6.0,87.69,0.5,3,3,0,0,0,0,3,3,0,0,0,0,0,44,0,44,0-0-0-0-0-0-0-0-0-0,0-0-0-0-0-0-0-0-0-0,0-0-0-0-0-0-0-0-0-0,0-0-0-0-3-0-0-0-0-0,0-0-0-3-0-0-0-0-0-0,0-0-0-0-0-0-0-0-0-0,0-0-0-0-0-0-0-0-0-0,0-0-0-0-0-0-0-0-0-0,0-0-0-0-0-0-0-0-0-0,0-0-0-0-0-0-0-0-0-0
26,1,1,3,114.69,97.9,0.8,15.98,5,4,1,4,4,0,0,0,0,0,1,0,0,36,36,0,0-4-0-0-0-0-0-1-0-0,4-0-0-0-0-0-0-0-0-0,0-0-0-0-0-0-0-0-0-0,0-0-0-0-0-0-0-0-0-0,0-0-0-0-0-0-0-0-0-0,0-0-0-0-0-0-0-0-0-0,0-0-0-0-0-0-0-0-0-0,1-0-0-0-0-0-0-0-0-0,0-0-0-0-0-0-0-0-0-0,0-0-0-0-0-0-0-0-0-0
27,1,1,3,205.66,124.47,0.0,81.19,14,9,5,9,9,0,0,0,0,4,1,0,0,33,33,0,0-9-0-0-0-0-1-0-0-0,8-0-0-0-0-0-1-0-0-0,0-0-0-0-0-0-0-0-0-0,0-0-0-0-0-0-0-0-0-0,0-0-0-0-0-0-0-0-0-0,0-0-0-0-0-0-0-0-0-0,0-0-0-0-0-0-0-0-0-0,1-0-0-0-0-0-0-0-0-0,0-0-0-0-0-0-0-0-0-0,0-0-0-0-0-0-0-0-0-0
28,1,1,3,216.36,152.25,2.6,61.51,20,12,8,16,12,4,0,0,0,3,1,0,0,38,38,0,0-12-3-0-0-0-1-0-0-0,9-0-1-0-0-0-2-0-0-0,4-0-0-0-0-0-0-0-0-0,0-0-0-0-0-0-0-0-0-0,0-0-0-0-0-0-0-0-0-0,0-0-0-0-0-0-0-0-0-0,1-0-0-0-0-0-0-0-0-0,1-0-0-0-0-0-0-0-0-0,0-0-0-0-0-0-0-0-0-0,0-0-0-0-0-0-0-0-0-0
29,1,1,3,201.96,154.41,1.2,46.35,23,14,9,18,14,4,0,0,0,4,1,0,0,61,58,3,0-14-4-0-0-0-2-0-0-0,14-0-0-0-0-0-0-0-0-0,4-0-0-0-0-0-0-0-0-0,0-0-0-0-0-0-0-0-0-0,0-0-0-0-0-0-0-0-0-0,0-0-0-0-0-0-0-0-0-0,0-0-0-1-0-0-0-0-0-0,1-0-0-0-0-0-0-0-0-0,0-0-0-0-0-0-0-0-0-0,0-0-0-0-0-0-0-0-0-0
30,2,2,4,161.35,103.1,47.9,10.35,6,5,1,1,1,0,4,4,0,1,0,0,0,70,41,29,0-1-0-0-0-0-0-0-0-0,1-0-0-0-0-0-0-0-0-0,0-0-0-0-0-0-0-0-0-0,1-0-0-0-4-0-1-0-0-0,0-0-0-4-0-0-0-0-0-0,0-0-0-0-0-0-0-0-0-0,0-0-0-1-0-0-0-0-0-0,0-0-0-0-0-0-0-0-0-0,0-0-0-0-0-0-0-0-0-0,0-0-0-0-0-0-0-0-0-0
31,2,2,4,129.92,5.27,88.71,35.94,21,11,10,0,0,0,12,11,1,9,0,0,0,55,0,55,0-0-0-0-0-0-0-0-0-0,0-0-0-0-0-0-0-0-0-0,0-0-0-0-0-0-0-0-0-0,0-0-0-0-10-1-2-0-0-0,0-0-0-10-0-0-1-0-0-0,0-0-0-0-1-0-0-0-0-0,0-0-0-2-0-0-0-0-0-0,0-0-0-0-0-0-0-0-0-0,0-0-0-0-0-0-0-0-0-0,0-0-0-0-0-0-0-0-0-0
32,2,2,4,135.82,97.22,16.56,22.04,6,5,1,5,5,0,0,0,0,1,0,0,0,46,46,0,0-5-0-0-0-0-1-0-0-0,5-0-0-0-0-0-0-0-0-0,0-0-0-0-0-0-0-0-0-0,0-0-0-0-0-0-0-0-0-0,0-0-0-0-0-0-0-0-0-0,0-0-0-0-0-0-0-0-0-0,1-0-0-0-0-0-0-0-0-0,0-0-0-0-0-0-0-0-0-0,0-0-0-0-0-0-0-0-0-0,0-0-0-0-0-0-0-0-0-0
33,2,2,4,135.22,7.0,70.12,58.1,13,8,5,0,0,0,8,8,0,4,1,0,0,37,0,37,0-0-0-0-0-0-0-0-0-0,0-0-0-0-0-0-0-0-0-0,0-0-0-0-0-0-0-0-0-0,0-0-0-0-8-0-1-0-0-0,0-0-0-7-0-0-1-0-0-0,0-0-0-0-0-0-0-0-0-0,0-0-0-0-0-0-0-0-0-0,0-0-0-1-0-0-0-0-0-0,0-0-0-0-0-0-0-0-0-0,0-0-0-0-0-0-0-0-0-0
34,1,1,3,175.13,98.59,0.0,76.54,15,9,6,9,9,0,0,0,0,5,1,0,0,32,32,0,0-9-0-0-0-0-2-0-0-0,8-0-0-0-0-0-1-0-0-0,0-0-0-0-0-0-0-0-0-0,0-0-0-0-0-0-0-0-0-0,0-0-0-0-0-0-0-0-0-0,0-0-0-0-0-0-0-0-0-0,2-0-0-0-0-0-0-0-0-0,1-0-0-0-0-0-0-0-0-0,0-0-0-0-0-0-0-0-0-0,0-0-0-0-0-0-0-0-0-0
35,2,2,4,156.42,68.2,40.82,47.4,15,9,6,4,4,0,5,5,0,5,1,0,0,34,17,17,0-4-0-1-0-0-1-0-0-0,4-0-0-0-0-0-0-0-0-0,0-0-0-0-0-0-0-0-0-0,0-0-0-0-5-0-0-0-0-0,0-0-0-4-0-0-1-0-0-0,0-0-0-0-0-0-0-0-0-0,0-0-0-0-0-0-0-0-0-0,1-0-0-0-0-0-0-0-0-0,0-0-0-0-0-0-0-0-0-0,0-0-0-0-0-0-0-0-0-0
36,2,2,4,175.03,72.42,40.36,62.26,14,9,5,4,4,0,5,5,0,4,1,0,0,39,18,21,0-4-0-0-0-0-0-0-0-0,3-0-0-0-0-0-1-0-0-0,0-0-0-0-0-0-0-0-0-0,0-0-0-0-5-0-0-0-0-0,0-0-0-4-0-0-1-0-0-0,0-0-0-0-0-0-0-0-0-0,0-0-0-0-0-0-0-0-0-0,1-0-0-0-0-0-0-0-0-0,0-0-0-0-0-0-0-0-0-0,0-0-0-0-0-0-0-0-0-0
37,2,2,4,136.7,13.34,103.34,20.02,9,6,3,0,0,0,6,6,0,2,1,0,0,43,0,43,0-0-0-0-0-0-0-0-0-0,0-0-0-0-0-0-0-0-0-0,0-0-0-0-0-0-0-0-0-0,0-0-0-0-6-0-0-0-0-0,0-0-0-4-0-0-2-0-0-0,0-0-0-0-0-0-0-0-0-0,0-0-0-2-0-0-0-0-0-0,0-0-0-1-0-0-0-0-0-0,0-0-0-0-0-0-0-0-0-0,0-0-0-0-0-0-0-0-0-0
37,2,2,4,222.42,44.51,97.71,80.2,14,9,5,0,0,0,9,9,0,4,1,0,0,93,18,75,0-0-0-0-0-0-1-0-0-0,0-0-0-0-0-0-0-0-0-0,0-0-0-0-0-0-0-0-0-0,1-0-0-0-9-0-0-0-0-0,0-0-0-8-0-0-1-0-0-0,0-0-0-0-0-0-0-0-0-0,0-0-0-0-0-0-0-0-0-0,0-0-0-1-0-0-0-0-0-0,0-0-0-0-0-0-0-0-0-0,0-0-0-0-0-0-0-0-0-0
39,1,1,3,208.72,130.64,7.01,71.07,14,9,5,10,9,1,0,0,0,3,1,0,0,30,30,0,0-8-1-0-0-0-1-0-0-0,8-0-0-0-0-0-1-0-0-0,0-1-0-0-0-0-0-0-0-0,0-0-0-0-0-0-0-0-0-0,0-0-0-0-0-0-0-0-0-0,0-0-0-0-0-0-0-0-0-0,1-0-0-0-0-0-0-0-0-0,1-0-0-0-0-0-0-0-0-0,0-0-0-0-0-0-0-0-0-0,0-0-0-0-0-0-0-0-0-0
40,2,2,4,158.72,8.34,81.74,68.64,12,8,4,0,0,0,8,8,0,3,1,0,0,48,0,48,0-0-0-0-0-0-0-0-0-0,0-0-0-0-0-0-0-0-0-0,0-0-0-0-0-0-0-0-0-0,0-0-0-0-8-0-1-0-0-0,0-0-0-7-0-0-1-0-0-0,0-0-0-0-0-0-0-0-0-0,0-0-0-0-0-0-0-0-0-0,0-0-0-1-0-0-0-0-0-0,0-0-0-0-0-0-0-0-0-0,0-0-0-0-0-0-0-0-0-0
41,1,1,3,217.68,51.04,158.43,8.21,8,6,2,0,0,0,6,6,0,1,1,0,0,75,2,73,0-0-0-1-0-0-0-0-0-0,0-0-0-0-0-0-0-0-0-0,0-0-0-0-0-0-0-0-0-0,0-0-0-0-6-0-0-0-0-0,0-0-0-5-0-0-1-0-0-0,0-0-0-0-0-0-0-0-0-0,0-0-0-0-0-0-0-0-0-0,1-0-0-0-0-0-0-0-0-0,0-0-0-0-0-0-0-0-0-0,0-0-0-0-0-0-0-0-0-0
42,2,2,4,213.78,47.03,132.61,34.14,14,8,5,0,0,0,8,8,0,4,1,1,0,48,0,48,0-0-0-0-0-0-0-0-0-0,0-0-0-0-0-0-0-0-0-0,0-0-0-0-0-0-0-0-0-0,0-0-0-0-8-0-1-0-0-0,0-0-0-5-0-0-2-0-1-0,0-0-0-0-0-0-0-0-0-0,0-0-0-2-0-0-0-0-0-0,0-0-0-1-0-0-0-0-0-0,0-0-0-1-0-0-0-0-0-0,0-0-0-0-0-0-0-0-0-0
43,1,1,3,232.36,180.02,5.01,47.34,12,8,4,11,8,3,0,0,0,1,0,0,0,62,62,0,0-8-3-0-0-0-0-0-0-0,7-0-0-0-0-0-1-0-0-0,3-0-0-0-0-0-0-0-0-0,0-0-0-0-0-0-0-0-0-0,0-0-0-0-0-0-0-0-0-0,0-0-0-0-0-0-0-0-0-0,1-0-0-0-0-0-0-0-0-0,0-0-0-0-0-0-0-0-0-0,0-0-0-0-0-0-0-0-0-0,0-0-0-0-0-0-0-0-0-0
44,2,2,4,176.57,42.84,84.27,49.46,16,9,7,0,0,0,9,9,0,6,1,0,0,52,0,52,0-0-0-0-0-0-0-0-0-0,0-0-0-0-0-0-0-0-0-0,0-0-0-0-0-0-0-0-0-0,0-0-0-0-9-0-0-0-0-0,0-0-0-5-0-0-4-0-0-0,0-0-0-0-0-0-0-0-0-0,0-0-0-3-0-0-0-1-0-0,0-0-0-0-0-0-0-0-0-0,0-0-0-0-0-0-0-0-0-0,0-0-0-0-0-0-0-0-0-0
45,2,2,4,184.02,17.81,75.31,90.9,16,10,6,0,0,0,10,10,0,5,1,0,0,43,0,43,0-0-0-0-0-0-0-0-0-0,0-0-0-0-0-0-0-0-0-0,0-0-0-0-0-0-0-0-0-0,0-0-0-0-10-0-1-0-0-0,0-0-0-8-0-0-2-0-0-0,0-0-0-0-0-0-0-0-0-0,0-0-0-1-0-0-0-0-0-0,0-0-0-1-0-0-0-0-0-0,0-0-0-0-0-0-0-0-0-0,0-0-0-0-0-0-0-0-0-0
46,1,1,3,190.71,125.27,2.15,63.28,14,9,5,9,9,0,0,0,0,4,1,0,0,33,33,0,0-9-0-0-0-0-2-0-0-0,9-0-0-0-0-0-0-0-0-0,0-0-0-0-0-0-0-0-0-0,0-0-0-0-0-0-0-0-0-0,0-0-0-0-0-0-0-0-0-0,0-0-0-0-0-0-0-0-0-0,0-0-0-0-0-0-0-1-0-0,0-0-0-0-0-0-0-0-0-0,0-0-0-0-0-0-0-0-0-0,0-0-0-0-0-0-0-0-0-0
47,2,2,4,247.83,56.97,168.8,22.06,17,11,6,0,0,0,13,11,2,3,1,0,0,74,0,74,0-0-0-0-0-0-0-0-0-0,0-0-0-0-0-0-0-0-0-0,0-0-0-0-0-0-0-0-0-0,0-0-0-0-11-1-0-1-0-0,0-0-0-7-0-1-3-0-0-0,0-0-0-2-0-0-0-0-0-0,0-0-0-3-0-0-0-0-0-0,0-0-0-1-0-0-0-0-0-0,0-0-0-0-0-0-0-0-0-0,0-0-0-0-0-0-0-0-0-0
48,1,1,3,213.47,131.65,0.24,81.58,14,9,5,9,9,0,0,0,0,4,1,0,0,39,38,1,0-9-0-0-0-0-1-0-0-0,8-0-0-0-0-0-1-0-0-0,0-0-0-0-0-0-0-0-0-0,1-0-0-0-0-0-0-0-0-0,0-0-0-0-0-0-0-0-0-0,0-0-0-0-0-0-0-0-0-0,1-0-0-0-0-0-0-0-0-0,1-0-0-0-0-0-0-0-0-0,0-0-0-0-0-0-0-0-0-0,0-0-0-0-0-0-0-0-0-0
49,1,1,3,217.62,131.68,31.0,54.94,14,9,5,9,9,0,0,0,0,4,1,0,0,27,27,0,0-9-0-0-0-0-1-0-0-0,8-0-0-0-0-0-1-0-0-0,0-0-0-0-0-0-0-0-0-0,0-0-0-0-0-0-0-0-0-0,0-0-0-0-0-0-0-0-0-0,0-0-0-0-0-0-0-0-0-0,0-0-0-0-0-0-0-0-0-0,1-0-0-0-0-0-0-0-0-0,0-0-0-0-0-0-0-0-0-0,0-0-0-0-0-0-0-0-0-0
50,1,1,3,246.73,154.41,58.26,34.06,12,8,4,6,3,3,5,5,0,0,1,0,0,60,42,18,0-3-3-0-0-0-0-0-0-0,3-0-0-0-0-0-0-0-0-0,2-0-0-0-0-0-0-0-0-0,1-0-0-0-5-0-0-0-0-0,0-0-0-5-0-0-0-0-0-0,0-0-0-0-0-0-0-0-0-0,0-0-0-0-0-0-0-0-0-0,1-0-0-0-0-0-0-0-0-0,0-0-0-0-0-0-0-0-0-0,0-0-0-0-0-0-0-0-0-0
51,2,2,4,117.21,15.5,76.46,25.24,11,7,4,0,0,0,7,7,0,3,1,0,0,45,1,44,0-0-0-1-0-0-0-0-0-0,0-0-0-0-0-0-0-0-0-0,0-0-0-0-0-0-0-0-0-0,1-0-0-0-7-0-0-0-0-0,0-0-0-6-0-0-1-0-0-0,0-0-0-0-0-0-0-0-0-0,0-0-0-0-0-0-0-0-0-0,0-0-0-1-0-0-0-0-0-0,0-0-0-0-0-0-0-0-0-0,0-0-0-0-0-0-0-0-0-0
52,2,2,4,266.17,251.67,0.79,13.72,15,9,6,14,9,5,0,0,0,0,1,0,0,74,74,0,0-9-5-0-0-0-0-0-0-0,9-0-0-0-0-0-0-0-0-0,4-0-0-0-0-0-0-0-0-0,0-0-0-0-0-0-0-0-0-0,0-0-0-0-0-0-0-0-0-0,0-0-0-0-0-0-0-0-0-0,0-0-0-0-0-0-0-0-0-0,1-0-0-0-0-0-0-0-0-0,0-0-0-0-0-0-0-0-0-0,0-0-0-0-0-0-0-0-0-0
53,1,1,3,184.98,98.59,69.97,16.41,11,7,4,4,4,0,4,3,1,2,1,0,0,68,25,43,0-4-0-0-0-0-1-0-0-0,4-0-0-0-0-0-0-0-0-0,0-0-0-0-0-0-0-0-0-0,0-0-0-0-3-1-0-0-0-0,0-0-0-3-0-0-0-0-0-0,0-0-0-1-0-0-0-0-0-0,0-0-0-0-0-0-0-0-0-0,1-0-0-0-0-0-0-0-0-0,0-0-0-0-0-0-0-0-0-0,0-0-0-0-0-0-0-0-0-0
54,2,2,4,109.97,15.89,92.4,1.68,5,4,1,0,0,0,4,4,0,0,1,0,0,48,0,48,0-0-0-0-0-0-0-0-0-0,0-0-0-0-0-0-0-0-0-0,0-0-0-0-0-0-0-0-0-0,0-0-0-0-4-0-0-0-0-0,0-0-0-4-0-0-0-0-0-0,0-0-0-0-0-0-0-0-0-0,0-0-0-0-0-0-0-0-0-0,0-0-0-1-0-0-0-0-0-0,0-0-0-0-0-0-0-0-0-0,0-0-0-0-0-0-0-0-0-0
55,1,1,3,200.42,70.22,65.82,64.38,14,8,6,3,3,0,5,5,0,4,2,0,0,57,17,40,0-3-0-0-0-0-1-0-0-0,3-0-0-0-0-0-0-0-0-0,0-0-0-0-0-0-0-0-0-0,0-0-0-0-5-0-1-0-0-0,0-0-0-4-0-0-1-0-0-0,0-0-0-0-0-0-0-0-0-0,0-0-0-1-0-0-0-1-0-0,0-0-0-1-0-0-0-0-0-0,0-0-0-0-0-0-0-0-0-0,0-0-0-0-0-0-0-0-0-0
56,3,1,4,292.15,159.77,34.45,97.93,3,2,1,2,2,0,0,0,0,0,1,0,0,60,50,10,0-2-0-2-0-0-0-1-0-0,2-0-0-0-0-0-0-0-0-0,0-0-0-0-0-0-0-0-0-0,1-0-0-0-0-0-0-0-0-0,0-0-0-0-0-0-0-0-0-0,0-0-0-0-0-0-0-0-0-0,0-0-0-0-0-0-0-0-0-0,0-0-0-0-0-0-0-0-0-0,0-0-0-0-0-0-0-0-0-0,0-0-0-0-0-0-0-0-0-0
57,3,2,3,448.66,401.79,0.0,46.88,14,7,7,10,7,3,0,0,0,3,1,0,0,68,68,0,0-6-1-0-0-0-0-0-0-0,3-0-2-0-0-0-1-1-0-0,1-1-0-0-0-0-1-0-0-0,0-0-0-0-0-0-0-0-0-0,0-0-0-0-0-0-0-0-0-0,0-0-0-0-0-0-0-0-0-0,2-0-0-0-0-0-0-0-0-0,0-0-0-0-0-0-0-0-0-0,0-0-0-0-0-0-0-0-0-0,0-0-0-0-0-0-0-0-0-0
58,3,1,4,170.07,113.05,22.36,34.66,33,23,4,13,11,2,13,12,1,0,1,4,2,43,24,19,0-11-1-0-0-0-0-0-0-0,9-0-1-0-0-0-0-0-1-0,2-0-0-0-0-0-0-0-0-0,0-0-0-0-12-1-0-0-0-0,0-0-0-11-0-0-0-0-0-0,0-0-0-0-0-0-0-0-1-0,0-0-0-0-0-0-0-0-0-0,1-0-0-0-0-0-0-0-0-0,0-0-0-0-0-0-0-0-0-2,1-0-0-1-0-0-0-0-0-0
59,3,2,3,167.77,122.22,18.29,27.25,21,17,4,6,5,1,12,12,0,2,1,0,0,55,39,16,0-5-0-1-0-0-1-0-0-0,4-0-1-0-0-0-0-0-0-0,1-0-0-0-0-0-0-0-0-0,0-0-0-0-12-0-0-0-0-0,1-0-0-11-0-0-0-0-0-0,0-0-0-0-0-0-0-0-0-0,1-0-0-0-0-0-0-0-0-0,1-0-0-0-0-0-0-0-0-0,0-0-0-0-0-0-0-0-0-0,0-0-0-0-0-0-0-0-0-0
60,3,1,4,274.7,189.66,8.0,77.04,22,13,9,15,13,2,0,0,0,5,2,0,0,41,40,1,0-12-2-1-0-0-0-0-0-0,7-0-0-0-0-0-5-1-0-0,1-1-0-0-0-0-0-0-0-0,1-0-0-0-0-0-0-0-0-0,0-0-0-0-0-0-0-0-0-0,0-0-0-0-0-0-0-0-0-0,4-0-0-0-0-0-0-0-0-0,2-0-0-0-0-0-0-0-0-0,0-0-0-0-0-0-0-0-0-0,0-0-0-0-0-0-0-0-0-0
61,3,2,3,225.87,86.98,95.8,43.09,19,9,6,4,4,0,5,5,0,5,1,2,2,34,14,20,0-4-0-0-0-0-0-0-0-0,2-0-0-0-0-0-2-0-0-0,0-0-0-0-0-0-0-0-0-0,0-0-0-0-5-0-1-0-1-0,0-0-0-2-0-0-2-0-1-0,0-0-0-0-0-0-0-0-0-0,1-0-0-2-0-0-0-0-0-0,1-0-0-0-0-0-0-0-0-0,0-0-0-0-0-0-0-0-0-2,0-0-0-2-0-0-0-0-0-0
62,3,1,4,226.62,140.55,72.52,13.56,10,9,1,4,4,0,5,5,0,0,1,0,0,58,29,29,0-4-0-1-0-0-0-0-0-0,4-0-0-0-0-0-0-0-0-0,0-0-0-0-0-0-0-0-0-0,0-0-0-0-5-0-0-0-0-0,0-0-0-4-0-0-0-0-0-0,0-0-0-0-0-0-0-0-0-0,0-0-0-0-0-0-0-0-0-0,1-0-0-0-0-0-0-0-0-0,0-0-0-0-0-0-0-0-0-0,0-0-0-0-0-0-0-0-0-0
63,3,2,3,190.97,80.55,85.15,25.27,7,5,2,1,1,0,4,4,0,1,1,0,0,42,11,31,0-1-0-0-0-0-0-0-0-0,1-0-0-0-0-0-0-0-0-0,0-0-0-0-0-0-0-0-0-0,0-0-0-0-4-0-1-0-0-0,0-0-0-4-0-0-0-0-0-0,0-0-0-0-0-0-0-0-0-0,0-0-0-0-0-0-0-0-0-0,1-0-0-0-0-0-0-0-0-0,0-0-0-0-0-0-0-0-0-0,0-0-0-0-0-0-0-0-0-0
64,3,1,4,100.68,47.62,44.79,8.26,9,6,3,1,1,0,5,5,0,2,1,0,0,28,14,14,0-1-0-2-0-0-0-0-0-0,1-0-0-0-0-0-0-0-0-0,0-0-0-0-0-0-0-0-0-0,1-0-0-0-5-0-0-0-0-0,0-0-0-4-0-0-1-0-0-0,0-0-0-0-0-0-0-0-0-0,0-0-0-0-0-0-0-0-0-0,1-0-0-0-0-0-0-0-0-0,0-0-0-0-0-0-0-0-0-0,0-0-0-0-0-0-0-0-0-0
65,3,2,3,212.57,25.64,120.71,66.22,29,16,13,0,0,0,19,16,3,9,1,0,0,39,0,39,0-0-0-0-0-0-0-0-0-0,0-0-0-0-0-0-0-0-0-0,0-0-0-0-0-0-0-0-0-0,0-0-0-0-16-3-0-0-0-0,0-0-0-15-0-0-1-0-0-0,0-0-0-3-0-0-0-0-0-0,0-0-0-0-0-0-0-0-0-0,0-0-0-1-0-0-0-0-0-0,0-0-0-0-0-0-0-0-0-0,0-0-0-0-0-0-0-0-0-0
66,3,1,4,362.03,226.06,72.33,63.64,12,8,4,6,6,0,2,2,0,3,1,0,0,57,27,30,0-6-0-1-0-0-0-0-0-0,4-0-0-0-0-0-2-0-0-0,0-0-0-0-0-0-0-0-0-0,1-0-0-0-2-0-0-0-0-0,0-0-0-1-0-0-1-0-0-0,0-0-0-0-0-0-0-0-0-0,2-0-0-1-0-0-0-0-0-0,1-0-0-0-0-0-0-0-0-0,0-0-0-0-0-0-0-0-0-0,0-0-0-0-0-0-0-0-0-0
67,3,2,3,340.51,189.42,104.82,46.26,34,21,13,11,10,1,17,11,6,4,2,0,0,85,35,50,0-10-1-2-0-0-0-1-0-0,10-0-0-0-0-0-0-0-0-0,1-0-0-0-0-0-0-0-0-0,2-0-0-0-11-6-0-0-0-0,0-0-0-8-0-0-3-0-0-0,0-0-0-5-0-0-0-1-0-0,0-0-0-3-0-0-0-0-0-0,1-0-0-0-0-0-0-0-0-0,0-0-0-0-0-0-0-0-0-0,0-0-0-0-0-0-0-0-0-0
68,3,1,4,235.07,167.85,67.22,0.0,3,2,1,3,2,1,0,0,0,0,0,0,0,61,37,24,0-2-1-1-0-0-0-0-0-0,2-0-0-0-0-0-0-0-0-0,1-0-0-0-0-0-0-0-0-0,1-0-0-0-0-0-0-0-0-0,0-0-0-0-0-0-0-0-0-0,0-0-0-0-0-0-0-0-0-0,0-0-0-0-0-0-0-0-0-0,0-0-0-0-0-0-0-0-0-0,0-0-0-0-0-0-0-0-0-0,0-0-0-0-0-0-0-0-0-0
69,3,2,3,265.78,125.16,77.86,62.76,36,20,16,9,9,0,17,11,6,9,1,0,0,61,17,44,0-9-0-0-0-0-1-0-0-0,3-0-0-0-0-0-6-0-0-0,0-0-0-0-0-0-0-0-0-0,1-0-0-0-10-6-0-0-0-0,0-0-0-10-0-0-1-0-0-0,0-0-0-5-1-0-0-0-0-0,7-0-0-0-0-0-0-0-0-0,0-0-0-1-0-0-0-0-0-0,0-0-0-0-0-0-0-0-0-0,0-0-0-0-0-0-0-0-0-0
70,3,1,4,287.72,170.47,19.1,98.15,26,17,9,18,17,1,0,0,0,7,1,0,0,66,63,3,0-17-1-0-0-0-1-0-0-0,17-0-0-0-0-0-0-0-0-0,1-0-0-0-0-0-0-0-0-0,2-0-0-0-0-0-0-0-0-0,0-0-0-0-0-0-0-0-0-0,0-0-0-0-0-0-0-0-0-0,0-0-0-0-0-0-0-0-0-0,0-0-0-1-0-0-0-0-0-0,0-0-0-0-0-0-0-0-0-0,0-0-0-0-0-0-0-0-0-0
71,3,2,3,167.64,77.01,25.19,65.44,15,8,6,7,6,1,2,2,0,3,2,1,0,44,27,17,0-6-1-1-0-0-0-0-0-0,5-0-0-0-0-0-1-0-0-0,1-0-0-0-0-0-0-0-0-0,0-0-0-0-2-0-1-0-0-0,0-0-0-2-0-0-0-0-0-0,0-0-0-0-0-0-0-0-0-0,0-0-0-0-0-0-0-1-1-0,1-0-0-0-0-0-0-0-0-0,0-0-0-0-0-0-0-0-0-0,0-0-0-0-0-0-0-0-0-0
72,3,1,4,136.68,20.43,116.26,0.0,0,0,0,0,0,0,0,0,0,0,0,0,0,50,0,50,0-0-0-0-0-0-0-0-0-0,0-0-0-0-0-0-0-0-0-0,0-0-0-0-0-0-0-0-0-0,0-0-0-0-0-0-0-0-0-0,0-0-0-0-0-0-0-0-0-0,0-0-0-0-0-0-0-0-0-0,0-0-0-0-0-0-0-0-0-0,0-0-0-0-0-0-0-0-0-0,0-0-0-0-0-0-0-0-0-0,0-0-0-0-0-0-0-0-0-0
73,3,2,3,267.36,123.34,65.36,78.67,23,14,9,7,7,0,7,7,0,8,1,0,0,45,17,28,0-7-0-0-0-0-0-0-0-0,2-0-0-0-0-0-5-0-0-0,0-0-0-0-0-0-0-0-0-0,0-0-0-0-7-0-0-0-0-0,0-0-0-4-0-0-2-0-0-0,0-0-0-0-0-0-0-0-0-0,5-0-0-2-0-0-0-0-0-0,1-0-0-0-0-0-0-0-0-0,0-0-0-0-0-0-0-0-0-0,0-0-0-0-0-0-0-0-0-0
74,3,1,4,152.67,75.42,77.24,0.0,0,0,0,0,0,0,0,0,0,0,0,0,0,45,14,31,0-0-0-0-0-0-0-0-0-0,0-0-0-0-0-0-0-0-0-0,0-0-0-0-0-0-0-0-0-0,0-0-0-0-0-0-0-0-0-0,0-0-0-0-0-0-0-0-0-0,0-0-0-0-0-0-0-0-0-0,0-0-0-0-0-0-0-0-0-0,0-0-0-0-0-0-0-0-0-0,0-0-0-0-0-0-0-0-0-0,0-0-0-0-0-0-0-0-0-0
75,3,2,3,247.25,127.26,112.87,7.12,52,27,25,5,1,4,46,26,20,1,0,0,0,62,16,46,0-0-3-2-0-0-0-0-0-0,0-0-1-0-0-0-0-0-0-0,2-1-0-1-0-0-0-0-0-0,1-0-0-0-26-11-0-0-0-0,2-0-0-15-0-9-0-0-0-0,0-0-0-20-0-0-0-0-0-0,1-0-0-0-0-0-0-0-0-0,0-0-0-0-0-0-0-0-0-0,0-0-0-0-0-0-0-0-0-0,0-0-0-0-0-0-0-0-0-0
76,3,1,4,654.72,342.93,211.59,100.2,30,23,7,6,5,1,21,18,3,0,3,0,0,64,14,50,0-5-1-0-0-0-0-1-0-0,1-0-0-4-0-0-0-0-0-0,1-0-0-0-0-0-0-0-0-0,3-0-0-0-17-1-0-1-0-0,0-0-0-14-0-2-0-1-0-0,0-0-0-2-1-0-0-0-0-0,0-0-0-0-0-0-0-0-0-0,1-0-0-1-0-0-0-0-0-0,0-0-0-0-0-0-0-0-0-0,0-0-0-0-0-0-0-0-0-0
77,3,1,4,196.81,75.22,119.4,2.2,9,6,3,2,2,0,6,4,2,0,1,0,0,52,13,39,0-2-0-1-0-0-0-0-0-0,2-0-0-0-0-0-0-0-0-0,0-0-0-0-0-0-0-0-0-0,2-0-0-0-4-2-0-0-0-0,0-0-0-4-0-0-0-0-0-0,0-0-0-1-0-0-0-0-0-0,0-0-0-0-0-0-0-0-0-0,0-0-0-1-0-0-0-0-0-0,0-0-0-0-0-0-0-0-0-0,0-0-0-0-0-0-0-0-0-0
