dot_map_familiarity,bar_chart_familiarity,area_chart_familiarity,donut_chart_familiarity,word_cloud_familiarity,coordinated_multiple_views_familiarity,aviation_accidents_familiarity,condition,task_1,task_2,total_time,total_time_map,total_time_calendar,total_time_overview,total_circle_clicks,total_circle_clicks_add,total_circle_clicks_remove,total_circle_clicks_map,total_circle_clicks_map_add,total_circle_clicks_map_remove,total_circle_clicks_calendar,total_circle_clicks_calendar_add,total_circle_clicks_calendar_remove,total_remove_single_clicks,total_remove_all_clicks,total_sort_open_clicks,total_sort_option_clicks,total_circle_hovers,total_circle_hovers_map,total_circle_hovers_calendar,map_circle_hover,map_circle_click_add,map_circle_click_remove,calendar_circle_hover,calendar_circle_click_add,calendar_circle_click_remove,overview_remove_single,overview_remove_all,overview_sort_open,overview_sort_option,gender,age,education,browser,browserHours,os,osHours,mobile,mobileHours,social,socialHours,readNews,searchImages,watchMedia,microsoftOffice,checkEmail,searchConcepts,shopOnline,N1,N2,N3,N4,N5,N6,E1,E2,E3,E4,E5,E6,O1,O2,O3,O4,O5,O6,A1,A2,A3,A4,A5,A6,C1,C2,C3,C4,C5,C6,N,E,O,A,C,Internal,PowerfulOthers,Chance
7,7,7,7,7,7,2,3,1,4,287.72,170.47,19.1,98.15,26,17,9,18,17,1,0,0,0,7,1,0,0,66,63,3,0-17-1-0-0-0-1-0-0-0,17-0-0-0-0-0-0-0-0-0,1-0-0-0-0-0-0-0-0-0,2-0-0-0-0-0-0-0-0-0,0-0-0-0-0-0-0-0-0-0,0-0-0-0-0-0-0-0-0-0,0-0-0-0-0-0-0-0-0-0,0-0-0-1-0-0-0-0-0-0,0-0-0-0-0-0-0-0-0-0,0-0-0-0-0-0-0-0-0-0,Masculino,22,Licenciatura,Opera,"Entre 4 a 6 horas, inclusive",Windows,Mais de 8 horas,iOS,"Entre 4 a 6 horas, inclusive",Twitter,"Entre 2 a 4 horas, inclusive",Diariamente,Menos frequentemente,Menos frequentemente,Diariamente,Diariamente,Diariamente,Diariamente,11,7,4,12,1,2,32,24,25,19,28,29,21,26,21,26,31,24,22,10,28,15,10,23,31,30,28,26,30,23,37,157,149,108,168,38,4,25
7,7,6,7,7,6,4,1,1,3,152.48,67.52,26.45,58.51,14,9,5,4,4,0,5,5,0,4,1,0,0,42,19,23,0-4-0-0-0-0-1-0-0-0,4-0-0-0-0-0-0-0-0-0,0-0-0-0-0-0-0-0-0-0,0-0-0-0-5-0-0-0-0-0,0-0-0-4-0-0-1-0-0-0,0-0-0-0-0-0-0-0-0-0,0-0-0-0-0-0-0-0-0-0,1-0-0-0-0-0-0-0-0-0,0-0-0-0-0-0-0-0-0-0,0-0-0-0-0-0-0-0-0-0,Feminino,22,Ensino Secundário,Google Chrome,"Entre 2 a 4 horas, inclusive",Windows,"Entre 6 a 8 horas, inclusive",Android,"Entre 2 a 4 horas, inclusive",Facebook,Menos de 2 horas,Semanalmente,Semanalmente,Semanalmente,Semanalmente,Diariamente,Semanalmente,Menos frequentemente,23,14,31,29,27,24,14,2,10,16,19,15,28,24,22,19,28,21,14,13,21,19,14,14,18,13,26,13,3,17,148,76,142,95,90,29,27,29
6,7,7,7,7,7,4,1,1,3,141.83,81.3,11.4,49.13,19,12,7,15,12,3,0,0,0,4,0,0,0,44,44,0,0-11-3-0-0-0-2-0-0-0,12-0-0-0-0-0-0-0-0-0,2-1-0-0-0-0-0-0-0-0,0-0-0-0-0-0-0-0-0-0,0-0-0-0-0-0-0-0-0-0,0-0-0-0-0-0-0-0-0-0,1-0-0-0-0-0-0-0-0-0,0-0-0-0-0-0-0-0-0-0,0-0-0-0-0-0-0-0-0-0,0-0-0-0-0-0-0-0-0-0,Masculino,22,Licenciatura,Google Chrome,"Entre 4 a 6 horas, inclusive",Windows,Mais de 8 horas,Android,"Entre 4 a 6 horas, inclusive",Reddit,Menos de 2 horas,Diariamente,Mensalmente,Semanalmente,Semanalmente,Semanalmente,Semanalmente,Diariamente,22,9,17,17,22,11,21,24,17,17,24,17,19,14,17,10,24,19,12,16,18,14,13,20,24,15,20,17,18,17,98,120,103,93,111,33,30,26
7,7,7,7,7,7,3,3,2,3,247.25,127.26,112.87,7.12,52,27,25,5,1,4,46,26,20,1,0,0,0,62,16,46,0-0-3-2-0-0-0-0-0-0,0-0-1-0-0-0-0-0-0-0,2-1-0-1-0-0-0-0-0-0,1-0-0-0-26-11-0-0-0-0,2-0-0-15-0-9-0-0-0-0,0-0-0-20-0-0-0-0-0-0,1-0-0-0-0-0-0-0-0-0,0-0-0-0-0-0-0-0-0-0,0-0-0-0-0-0-0-0-0-0,0-0-0-0-0-0-0-0-0-0,Masculino,55,Ensino Secundário,Google Chrome,Mais de 8 horas,Windows,Mais de 8 horas,Android,"Entre 4 a 6 horas, inclusive",Instagram,Menos de 2 horas,Diariamente,Mensalmente,Menos frequentemente,Diariamente,Diariamente,Menos frequentemente,Diariamente,6,3,5,9,9,1,21,6,18,20,20,23,26,25,23,24,26,28,19,12,27,9,18,14,25,23,29,28,32,18,33,108,152,99,155,45,10,19
6,6,4,7,7,6,4,1,1,3,208.72,130.64,7.01,71.07,14,9,5,10,9,1,0,0,0,3,1,0,0,30,30,0,0-8-1-0-0-0-1-0-0-0,8-0-0-0-0-0-1-0-0-0,0-1-0-0-0-0-0-0-0-0,0-0-0-0-0-0-0-0-0-0,0-0-0-0-0-0-0-0-0-0,0-0-0-0-0-0-0-0-0-0,1-0-0-0-0-0-0-0-0-0,1-0-0-0-0-0-0-0-0-0,0-0-0-0-0-0-0-0-0-0,0-0-0-0-0-0-0-0-0-0,Masculino,21,Outro,Opera,"Entre 4 a 6 horas, inclusive",Windows,"Entre 4 a 6 horas, inclusive",Android,Menos de 2 horas,Instagram,Menos de 2 horas,Semanalmente,Menos frequentemente,Semanalmente,Diariamente,Diariamente,Mensalmente,Diariamente,20,13,14,19,16,18,24,17,9,15,16,24,24,14,18,16,22,24,16,21,23,22,21,23,18,13,17,18,15,11,100,105,118,126,92,26,15,13
5,6,6,6,5,4,2,1,1,3,232.36,180.02,5.01,47.34,12,8,4,11,8,3,0,0,0,1,0,0,0,62,62,0,0-8-3-0-0-0-0-0-0-0,7-0-0-0-0-0-1-0-0-0,3-0-0-0-0-0-0-0-0-0,0-0-0-0-0-0-0-0-0-0,0-0-0-0-0-0-0-0-0-0,0-0-0-0-0-0-0-0-0-0,1-0-0-0-0-0-0-0-0-0,0-0-0-0-0-0-0-0-0-0,0-0-0-0-0-0-0-0-0-0,0-0-0-0-0-0-0-0-0-0,0,0,0,0,0,0,0,0,0,0,0,0,0,0,0,0,0,0,16,10,4,10,16,22,4,16,16,10,4,16,22,10,10,22,10,22,10,22,10,22,16,4,10,22,4,10,16,10,78,66,96,84,72,24,24,24
5,7,7,7,5,6,1,2,2,4,146.73,9.74,102.65,34.33,19,9,6,0,0,0,9,9,0,5,1,2,2,60,0,60,0-0-0-0-0-0-0-0-0-0,0-0-0-0-0-0-0-0-0-0,0-0-0-0-0-0-0-0-0-0,0-0-0-0-9-0-0-1-1-0,0-0-0-8-0-0-0-0-1-0,0-0-0-0-0-0-0-0-0-0,0-0-0-0-0-0-0-0-0-0,0-0-0-1-0-0-0-0-0-0,0-0-0-0-0-0-0-0-0-2,0-0-0-0-0-0-2-0-0-0,0,0,0,0,0,0,0,0,0,0,0,0,0,0,0,0,0,0,16,10,4,10,16,22,4,16,16,10,4,16,22,10,10,22,10,22,10,22,10,22,16,4,10,22,4,10,16,10,78,66,96,84,72,24,24,24
5,6,4,7,5,5,4,2,2,4,158.72,8.34,81.74,68.64,12,8,4,0,0,0,8,8,0,3,1,0,0,48,0,48,0-0-0-0-0-0-0-0-0-0,0-0-0-0-0-0-0-0-0-0,0-0-0-0-0-0-0-0-0-0,0-0-0-0-8-0-1-0-0-0,0-0-0-7-0-0-1-0-0-0,0-0-0-0-0-0-0-0-0-0,0-0-0-0-0-0-0-0-0-0,0-0-0-1-0-0-0-0-0-0,0-0-0-0-0-0-0-0-0-0,0-0-0-0-0-0-0-0-0-0,Masculino,21,Ensino Secundário,Google Chrome,"Entre 6 a 8 horas, inclusive",Windows,"Entre 6 a 8 horas, inclusive",Android,Menos de 2 horas,Instagram,Menos de 2 horas,Semanalmente,Mensalmente,Semanalmente,Diariamente,Semanalmente,Semanalmente,Diariamente,7,13,6,12,22,10,11,7,9,11,20,14,12,9,13,8,24,20,15,18,23,19,15,24,18,24,18,13,12,22,70,72,86,114,107,30,8,22
6,7,6,7,5,5,3,1,1,3,205.66,124.47,0.0,81.19,14,9,5,9,9,0,0,0,0,4,1,0,0,33,33,0,0-9-0-0-0-0-1-0-0-0,8-0-0-0-0-0-1-0-0-0,0-0-0-0-0-0-0-0-0-0,0-0-0-0-0-0-0-0-0-0,0-0-0-0-0-0-0-0-0-0,0-0-0-0-0-0-0-0-0-0,0-0-0-0-0-0-0-0-0-0,1-0-0-0-0-0-0-0-0-0,0-0-0-0-0-0-0-0-0-0,0-0-0-0-0-0-0-0-0-0,Masculino,22,Ensino Secundário,Google Chrome,Mais de 8 horas,Windows,Mais de 8 horas,iOS,"Entre 4 a 6 horas, inclusive",Outra,"Entre 4 a 6 horas, inclusive",Diariamente,Menos frequentemente,Menos frequentemente,Semanalmente,Semanalmente,Menos frequentemente,Diariamente,25,16,22,21,9,18,20,8,9,11,17,18,24,20,17,12,20,23,14,25,23,22,22,18,18,20,22,17,15,25,111,83,116,124,117,28,11,16
7,7,7,7,6,6,1,1,1,3,184.98,98.59,69.97,16.41,11,7,4,4,4,0,4,3,1,2,1,0,0,68,25,43,0-4-0-0-0-0-1-0-0-0,4-0-0-0-0-0-0-0-0-0,0-0-0-0-0-0-0-0-0-0,0-0-0-0-3-1-0-0-0-0,0-0-0-3-0-0-0-0-0-0,0-0-0-1-0-0-0-0-0-0,0-0-0-0-0-0-0-0-0-0,1-0-0-0-0-0-0-0-0-0,0-0-0-0-0-0-0-0-0-0,0-0-0-0-0-0-0-0-0-0,Feminino,22,Ensino Secundário,Opera,"Entre 2 a 4 horas, inclusive",Windows,Mais de 8 horas,iOS,"Entre 4 a 6 horas, inclusive",Outra,"Entre 2 a 4 horas, inclusive",Diariamente,Semanalmente,Mensalmente,Semanalmente,Mensalmente,Menos frequentemente,Mensalmente,29,19,27,22,31,22,31,28,17,23,28,27,31,21,27,23,25,22,28,18,29,15,18,25,21,29,26,21,26,16,150,154,149,133,139,30,21,14
5,7,6,6,3,5,5,3,1,4,292.15,159.77,34.45,97.93,3,2,1,2,2,0,0,0,0,0,1,0,0,60,50,10,0-2-0-2-0-0-0-1-0-0,2-0-0-0-0-0-0-0-0-0,0-0-0-0-0-0-0-0-0-0,1-0-0-0-0-0-0-0-0-0,0-0-0-0-0-0-0-0-0-0,0-0-0-0-0-0-0-0-0-0,0-0-0-0-0-0-0-0-0-0,0-0-0-0-0-0-0-0-0-0,0-0-0-0-0-0-0-0-0-0,0-0-0-0-0-0-0-0-0-0,0,0,0,0,0,0,0,0,0,0,0,0,0,0,0,0,0,0,16,10,4,10,16,22,4,16,16,10,4,16,22,10,10,22,10,22,10,22,10,22,16,4,10,22,4,10,16,10,78,66,96,84,72,24,24,24
6,7,7,7,6,6,1,2,2,4,266.17,251.67,0.79,13.72,15,9,6,14,9,5,0,0,0,0,1,0,0,74,74,0,0-9-5-0-0-0-0-0-0-0,9-0-0-0-0-0-0-0-0-0,4-0-0-0-0-0-0-0-0-0,0-0-0-0-0-0-0-0-0-0,0-0-0-0-0-0-0-0-0-0,0-0-0-0-0-0-0-0-0-0,0-0-0-0-0-0-0-0-0-0,1-0-0-0-0-0-0-0-0-0,0-0-0-0-0-0-0-0-0-0,0-0-0-0-0-0-0-0-0-0,Masculino,22,Licenciatura,Google Chrome,"Entre 4 a 6 horas, inclusive",Windows,Mais de 8 horas,Android,"Entre 2 a 4 horas, inclusive",Twitter,Menos de 2 horas,Diariamente,Mensalmente,Menos frequentemente,Diariamente,Semanalmente,Semanalmente,Diariamente,25,12,23,21,10,14,22,13,13,20,12,18,16,20,20,16,29,25,19,20,22,22,21,25,23,27,23,26,23,26,105,98,126,129,148,38,17,11
5,7,6,7,4,5,5,1,1,3,217.62,131.68,31.0,54.94,14,9,5,9,9,0,0,0,0,4,1,0,0,27,27,0,0-9-0-0-0-0-1-0-0-0,8-0-0-0-0-0-1-0-0-0,0-0-0-0-0-0-0-0-0-0,0-0-0-0-0-0-0-0-0-0,0-0-0-0-0-0-0-0-0-0,0-0-0-0-0-0-0-0-0-0,0-0-0-0-0-0-0-0-0-0,1-0-0-0-0-0-0-0-0-0,0-0-0-0-0-0-0-0-0-0,0-0-0-0-0-0-0-0-0-0,Masculino,22,Licenciatura,Google Chrome,"Entre 4 a 6 horas, inclusive",Windows,Menos de 2 horas,iOS,"Entre 4 a 6 horas, inclusive",Instagram,Menos de 2 horas,Diariamente,Mensalmente,Menos frequentemente,Semanalmente,Semanalmente,Mensalmente,Diariamente,23,20,19,23,19,18,17,13,9,16,19,20,15,16,18,20,23,22,11,17,21,17,18,23,18,22,19,16,15,17,122,94,114,107,107,20,24,20
5,7,5,7,6,5,1,1,1,3,246.73,154.41,58.26,34.06,12,8,4,6,3,3,5,5,0,0,1,0,0,60,42,18,0-3-3-0-0-0-0-0-0-0,3-0-0-0-0-0-0-0-0-0,2-0-0-0-0-0-0-0-0-0,1-0-0-0-5-0-0-0-0-0,0-0-0-5-0-0-0-0-0-0,0-0-0-0-0-0-0-0-0-0,0-0-0-0-0-0-0-0-0-0,1-0-0-0-0-0-0-0-0-0,0-0-0-0-0-0-0-0-0-0,0-0-0-0-0-0-0-0-0-0,0,0,0,0,0,0,0,0,0,0,0,0,0,0,0,0,0,0,16,10,4,10,16,22,4,16,16,10,4,16,22,10,10,22,10,22,10,22,10,22,16,4,10,22,4,10,16,10,78,66,96,84,72,24,24,24
6,7,6,7,6,5,7,1,1,3,190.71,125.27,2.15,63.28,14,9,5,9,9,0,0,0,0,4,1,0,0,33,33,0,0-9-0-0-0-0-2-0-0-0,9-0-0-0-0-0-0-0-0-0,0-0-0-0-0-0-0-0-0-0,0-0-0-0-0-0-0-0-0-0,0-0-0-0-0-0-0-0-0-0,0-0-0-0-0-0-0-0-0-0,0-0-0-0-0-0-0-1-0-0,0-0-0-0-0-0-0-0-0-0,0-0-0-0-0-0-0-0-0-0,0-0-0-0-0-0-0-0-0-0,0,0,0,0,0,0,0,0,0,0,0,0,0,0,0,0,0,0,16,10,4,10,16,22,4,16,16,10,4,16,22,10,10,22,10,22,10,22,10,22,16,4,10,22,4,10,16,10,78,66,96,84,72,24,24,24
7,7,7,7,7,6,6,3,1,4,100.68,47.62,44.79,8.26,9,6,3,1,1,0,5,5,0,2,1,0,0,28,14,14,0-1-0-2-0-0-0-0-0-0,1-0-0-0-0-0-0-0-0-0,0-0-0-0-0-0-0-0-0-0,1-0-0-0-5-0-0-0-0-0,0-0-0-4-0-0-1-0-0-0,0-0-0-0-0-0-0-0-0-0,0-0-0-0-0-0-0-0-0-0,1-0-0-0-0-0-0-0-0-0,0-0-0-0-0-0-0-0-0-0,0-0-0-0-0-0-0-0-0-0,Masculino,22,Licenciatura,Google Chrome,"Entre 6 a 8 horas, inclusive",Windows,Mais de 8 horas,Android,"Entre 2 a 4 horas, inclusive",Reddit,Menos de 2 horas,Diariamente,Semanalmente,Diariamente,Diariamente,Diariamente,Diariamente,Diariamente,20,12,14,14,13,12,23,18,16,13,19,27,21,15,16,16,25,24,22,22,22,21,17,23,24,24,25,24,24,23,85,116,117,127,144,38,13,17
5,7,5,7,6,6,2,2,2,4,108.17,33.22,40.8,34.15,12,8,4,3,3,0,5,5,0,3,1,0,0,33,8,25,0-3-0-0-0-0-1-0-0-0,3-0-0-0-0-0-0-0-0-0,0-0-0-0-0-0-0-0-0-0,1-0-0-0-5-0-1-0-0-0,0-0-0-5-0-0-0-0-0-0,0-0-0-0-0-0-0-0-0-0,0-0-0-0-0-0-0-0-0-0,0-0-0-1-0-0-0-0-0-0,0-0-0-0-0-0-0-0-0-0,0-0-0-0-0-0-0-0-0-0,Masculino,34,Doutoramento,Google Chrome,"Entre 4 a 6 horas, inclusive",Windows,"Entre 6 a 8 horas, inclusive",Android,"Entre 2 a 4 horas, inclusive",Facebook,Menos de 2 horas,Diariamente,Semanalmente,Diariamente,Semanalmente,Semanalmente,Mensalmente,Mensalmente,25,17,19,19,14,16,17,15,12,16,15,16,21,7,20,14,20,25,19,16,19,20,20,25,24,18,24,21,15,26,110,91,107,119,128,38,16,14
5,7,6,7,7,6,6,3,1,4,152.67,75.42,77.24,0.0,0,0,0,0,0,0,0,0,0,0,0,0,0,45,14,31,0-0-0-0-0-0-0-0-0-0,0-0-0-0-0-0-0-0-0-0,0-0-0-0-0-0-0-0-0-0,0-0-0-0-0-0-0-0-0-0,0-0-0-0-0-0-0-0-0-0,0-0-0-0-0-0-0-0-0-0,0-0-0-0-0-0-0-0-0-0,0-0-0-0-0-0-0-0-0-0,0-0-0-0-0-0-0-0-0-0,0-0-0-0-0-0-0-0-0-0,Feminino,22,Licenciatura,Mozilla Firefox,"Entre 4 a 6 horas, inclusive",Windows,"Entre 6 a 8 horas, inclusive",iOS,Mais de 8 horas,Facebook,"Entre 4 a 6 horas, inclusive",Diariamente,Menos frequentemente,Mensalmente,Semanalmente,Semanalmente,Semanalmente,Diariamente,25,17,16,23,21,18,26,27,13,15,23,21,14,13,23,19,15,21,15,22,24,12,22,18,22,22,27,20,20,23,120,125,105,113,134,30,25,18
5,6,5,7,7,5,3,2,2,4,331.98,106.23,151.33,74.42,16,10,6,0,0,0,10,10,0,5,1,0,0,47,4,43,0-0-0-0-0-0-0-0-0-0,0-0-0-0-0-0-0-0-0-0,0-0-0-0-0-0-0-0-0-0,0-0-0-0-9-0-2-0-0-0,0-0-0-9-0-0-1-0-0-0,0-0-0-0-0-0-0-0-0-0,1-0-0-1-0-0-0-0-0-0,0-0-0-0-0-0-0-0-0-0,0-0-0-0-0-0-0-0-0-0,0-0-0-0-0-0-0-0-0-0,Masculino,22,Licenciatura,Google Chrome,"Entre 2 a 4 horas, inclusive",Windows,"Entre 4 a 6 horas, inclusive",Android,"Entre 6 a 8 horas, inclusive",Instagram,Menos de 2 horas,Diariamente,Mensalmente,Menos frequentemente,Semanalmente,Diariamente,Diariamente,Diariamente,25,12,25,23,21,19,20,19,12,13,21,13,24,22,21,16,21,25,12,23,23,21,28,20,13,19,21,16,15,15,125,98,129,127,99,32,18,15
7,7,7,7,7,7,1,3,2,3,340.51,189.42,104.82,46.26,34,21,13,11,10,1,17,11,6,4,2,0,0,85,35,50,0-10-1-2-0-0-0-1-0-0,10-0-0-0-0-0-0-0-0-0,1-0-0-0-0-0-0-0-0-0,2-0-0-0-11-6-0-0-0-0,0-0-0-8-0-0-3-0-0-0,0-0-0-5-0-0-0-1-0-0,0-0-0-3-0-0-0-0-0-0,1-0-0-0-0-0-0-0-0-0,0-0-0-0-0-0-0-0-0-0,0-0-0-0-0-0-0-0-0-0,Masculino,22,Mestrado,Google Chrome,"Entre 2 a 4 horas, inclusive",Windows,"Entre 4 a 6 horas, inclusive",Android,"Entre 2 a 4 horas, inclusive",Outra,Menos de 2 horas,Semanalmente,Menos frequentemente,Diariamente,Semanalmente,Semanalmente,Semanalmente,Diariamente,20,9,9,17,14,7,28,27,13,11,21,25,9,7,25,15,20,22,25,28,29,19,23,19,28,30,29,28,24,17,76,125,98,143,156,45,10,10
7,7,7,7,7,7,5,1,1,3,201.96,154.41,1.2,46.35,23,14,9,18,14,4,0,0,0,4,1,0,0,61,58,3,0-14-4-0-0-0-2-0-0-0,14-0-0-0-0-0-0-0-0-0,4-0-0-0-0-0-0-0-0-0,0-0-0-0-0-0-0-0-0-0,0-0-0-0-0-0-0-0-0-0,0-0-0-0-0-0-0-0-0-0,0-0-0-1-0-0-0-0-0-0,1-0-0-0-0-0-0-0-0-0,0-0-0-0-0-0-0-0-0-0,0-0-0-0-0-0-0-0-0-0,Masculino,24,Mestrado,Safari,"Entre 6 a 8 horas, inclusive",macOS,Mais de 8 horas,Android,Menos de 2 horas,Reddit,Menos de 2 horas,Diariamente,Mensalmente,Diariamente,Menos frequentemente,Diariamente,Semanalmente,Diariamente,25,14,17,15,17,10,30,19,15,13,24,20,22,10,17,23,31,26,26,24,29,23,22,27,28,16,32,20,21,18,98,121,129,151,135,42,14,15
7,7,3,6,4,3,1,1,1,3,262.52,130.36,46.74,85.41,49,27,22,26,14,12,13,13,0,10,0,0,0,67,39,28,0-13-11-2-0-0-0-0-0-0,12-0-1-0-0-0-1-0-0-0,10-1-0-1-0-0-0-0-0-0,0-0-0-0-13-0-1-0-0-0,3-0-0-10-0-0-0-0-0-0,0-0-0-0-0-0-0-0-0-0,1-0-0-0-0-0-0-0-0-0,0-0-0-0-0-0-0-0-0-0,0-0-0-0-0-0-0-0-0-0,0-0-0-0-0-0-0-0-0-0,Masculino,22,Licenciatura,Google Chrome,"Entre 4 a 6 horas, inclusive",Windows,Mais de 8 horas,Android,"Entre 2 a 4 horas, inclusive",Facebook,Menos de 2 horas,Diariamente,Menos frequentemente,Menos frequentemente,Mensalmente,Mensalmente,Mensalmente,Diariamente,27,21,17,19,23,16,16,5,19,12,17,24,25,20,22,11,20,19,10,19,16,16,14,20,25,18,23,22,17,14,123,93,117,95,119,34,19,16
6,6,5,6,5,5,5,3,2,3,212.57,25.64,120.71,66.22,29,16,13,0,0,0,19,16,3,9,1,0,0,39,0,39,0-0-0-0-0-0-0-0-0-0,0-0-0-0-0-0-0-0-0-0,0-0-0-0-0-0-0-0-0-0,0-0-0-0-16-3-0-0-0-0,0-0-0-15-0-0-1-0-0-0,0-0-0-3-0-0-0-0-0-0,0-0-0-0-0-0-0-0-0-0,0-0-0-1-0-0-0-0-0-0,0-0-0-0-0-0-0-0-0-0,0-0-0-0-0-0-0-0-0-0,0,0,0,0,0,0,0,0,0,0,0,0,0,0,0,0,0,0,16,10,4,10,16,22,4,16,16,10,4,16,22,10,10,22,10,22,10,22,10,22,16,4,10,22,4,10,16,10,78,66,96,84,72,24,24,24
7,7,7,7,7,7,3,2,2,4,150.36,21.94,85.93,42.49,16,10,6,0,0,0,10,10,0,5,1,0,0,38,0,38,0-0-0-0-0-0-0-0-0-0,0-0-0-0-0-0-0-0-0-0,0-0-0-0-0-0-0-0-0-0,0-0-0-0-10-0-0-1-0-0,0-0-0-7-0-0-3-0-0-0,0-0-0-0-0-0-0-0-0-0,0-0-0-1-0-0-0-0-0-0,0-0-0-1-0-0-0-0-0-0,0-0-0-0-0-0-0-0-0-0,0-0-0-0-0-0-0-0-0-0,Masculino,23,Licenciatura,Google Chrome,"Entre 4 a 6 horas, inclusive",Windows,"Entre 6 a 8 horas, inclusive",Android,Menos de 2 horas,Twitter,Menos de 2 horas,Diariamente,Menos frequentemente,Semanalmente,Semanalmente,Diariamente,Diariamente,Diariamente,14,6,14,15,14,12,20,16,11,13,22,26,28,23,14,22,29,26,25,28,22,25,23,25,24,17,25,14,13,24,75,108,142,148,117,38,7,8
7,7,7,7,7,6,2,3,1,4,196.81,75.22,119.4,2.2,9,6,3,2,2,0,6,4,2,0,1,0,0,52,13,39,0-2-0-1-0-0-0-0-0-0,2-0-0-0-0-0-0-0-0-0,0-0-0-0-0-0-0-0-0-0,2-0-0-0-4-2-0-0-0-0,0-0-0-4-0-0-0-0-0-0,0-0-0-1-0-0-0-0-0-0,0-0-0-0-0-0-0-0-0-0,0-0-0-1-0-0-0-0-0-0,0-0-0-0-0-0-0-0-0-0,0-0-0-0-0-0-0-0-0-0,Feminino,39,Mestrado,Mozilla Firefox,"Entre 6 a 8 horas, inclusive",Windows,"Entre 6 a 8 horas, inclusive",Android,Mais de 8 horas,Facebook,Menos de 2 horas,Diariamente,Mensalmente,Menos frequentemente,Mensalmente,Semanalmente,Semanalmente,Diariamente,20,13,19,20,14,13,20,11,16,13,16,24,21,25,20,19,23,21,6,18,28,16,18,17,22,25,26,20,23,24,99,100,129,103,140,37,24,19
4,7,6,7,7,6,5,2,2,4,156.42,68.2,40.82,47.4,15,9,6,4,4,0,5,5,0,5,1,0,0,34,17,17,0-4-0-1-0-0-1-0-0-0,4-0-0-0-0-0-0-0-0-0,0-0-0-0-0-0-0-0-0-0,0-0-0-0-5-0-0-0-0-0,0-0-0-4-0-0-1-0-0-0,0-0-0-0-0-0-0-0-0-0,0-0-0-0-0-0-0-0-0-0,1-0-0-0-0-0-0-0-0-0,0-0-0-0-0-0-0-0-0-0,0-0-0-0-0-0-0-0-0-0,Masculino,22,Licenciatura,Edge,Mais de 8 horas,Windows,Mais de 8 horas,Android,"Entre 2 a 4 horas, inclusive",Instagram,Menos de 2 horas,Diariamente,Mensalmente,Mensalmente,Semanalmente,Semanalmente,Semanalmente,Semanalmente,15,16,12,14,19,9,20,10,22,19,17,24,21,16,25,17,27,19,24,20,19,19,22,18,24,20,28,22,18,23,85,112,125,122,135,33,14,13
6,7,6,7,7,7,5,3,1,4,274.7,189.66,8.0,77.04,22,13,9,15,13,2,0,0,0,5,2,0,0,41,40,1,0-12-2-1-0-0-0-0-0-0,7-0-0-0-0-0-5-1-0-0,1-1-0-0-0-0-0-0-0-0,1-0-0-0-0-0-0-0-0-0,0-0-0-0-0-0-0-0-0-0,0-0-0-0-0-0-0-0-0-0,4-0-0-0-0-0-0-0-0-0,2-0-0-0-0-0-0-0-0-0,0-0-0-0-0-0-0-0-0-0,0-0-0-0-0-0-0-0-0-0,Masculino,22,Ensino Secundário,Mozilla Firefox,"Entre 6 a 8 horas, inclusive",Windows,Mais de 8 horas,Android,Mais de 8 horas,Twitter,Menos de 2 horas,Semanalmente,Menos frequentemente,Menos frequentemente,Diariamente,Semanalmente,Menos frequentemente,Diariamente,26,20,27,30,28,28,19,11,6,13,16,12,27,13,20,12,23,20,14,24,21,21,26,21,10,11,18,7,8,13,159,77,115,127,67,25,32,25
5,7,2,7,5,4,3,2,2,4,184.02,17.81,75.31,90.9,16,10,6,0,0,0,10,10,0,5,1,0,0,43,0,43,0-0-0-0-0-0-0-0-0-0,0-0-0-0-0-0-0-0-0-0,0-0-0-0-0-0-0-0-0-0,0-0-0-0-10-0-1-0-0-0,0-0-0-8-0-0-2-0-0-0,0-0-0-0-0-0-0-0-0-0,0-0-0-1-0-0-0-0-0-0,0-0-0-1-0-0-0-0-0-0,0-0-0-0-0-0-0-0-0-0,0-0-0-0-0-0-0-0-0-0,0,0,0,0,0,0,0,0,0,0,0,0,0,0,0,0,0,0,16,10,4,10,16,22,4,16,16,10,4,16,22,10,10,22,10,22,10,22,10,22,16,4,10,22,4,10,16,10,78,66,96,84,72,24,24,24
5,7,3,7,6,5,2,1,1,3,213.47,131.65,0.24,81.58,14,9,5,9,9,0,0,0,0,4,1,0,0,39,38,1,0-9-0-0-0-0-1-0-0-0,8-0-0-0-0-0-1-0-0-0,0-0-0-0-0-0-0-0-0-0,1-0-0-0-0-0-0-0-0-0,0-0-0-0-0-0-0-0-0-0,0-0-0-0-0-0-0-0-0-0,1-0-0-0-0-0-0-0-0-0,1-0-0-0-0-0-0-0-0-0,0-0-0-0-0-0-0-0-0-0,0-0-0-0-0-0-0-0-0-0,Masculino,22,Licenciatura,Google Chrome,"Entre 6 a 8 horas, inclusive",Windows,"Entre 6 a 8 horas, inclusive",Android,Menos de 2 horas,Instagram,Menos de 2 horas,Menos frequentemente,Mensalmente,Menos frequentemente,Diariamente,Diariamente,Mensalmente,Diariamente,24,20,25,22,22,24,27,20,12,15,20,25,25,20,22,18,24,21,18,14,22,11,15,22,16,15,15,16,10,10,137,119,130,102,82,32,17,25
5,7,7,6,6,5,3,2,2,4,238.62,43.79,192.68,2.15,12,7,5,0,0,0,12,7,5,0,0,0,0,122,0,122,0-0-0-0-0-0-0-0-0-0,0-0-0-0-0-0-0-0-0-0,0-0-0-0-0-0-0-0-0-0,0-0-0-0-7-5-0-0-0-0,0-0-0-7-0-0-0-0-0-0,0-0-0-5-0-0-0-0-0-0,0-0-0-0-0-0-0-0-0-0,0-0-0-0-0-0-0-0-0-0,0-0-0-0-0-0-0-0-0-0,0-0-0-0-0-0-0-0-0-0,Feminino,22,Ensino Secundário,Google Chrome,Menos de 2 horas,Windows,"Entre 2 a 4 horas, inclusive",iOS,"Entre 2 a 4 horas, inclusive",Instagram,Menos de 2 horas,Diariamente,Mensalmente,Diariamente,Menos frequentemente,Diariamente,Diariamente,Menos frequentemente,28,7,23,21,18,18,29,15,15,17,25,28,24,30,27,21,30,25,25,24,30,28,26,30,24,16,26,20,16,21,115,129,157,163,123,35,21,16
7,5,2,6,1,2,5,2,2,4,135.82,97.22,16.56,22.04,6,5,1,5,5,0,0,0,0,1,0,0,0,46,46,0,0-5-0-0-0-0-1-0-0-0,5-0-0-0-0-0-0-0-0-0,0-0-0-0-0-0-0-0-0-0,0-0-0-0-0-0-0-0-0-0,0-0-0-0-0-0-0-0-0-0,0-0-0-0-0-0-0-0-0-0,1-0-0-0-0-0-0-0-0-0,0-0-0-0-0-0-0-0-0-0,0-0-0-0-0-0-0-0-0-0,0-0-0-0-0-0-0-0-0-0,Masculino,23,Mestrado,Google Chrome,"Entre 4 a 6 horas, inclusive",Linux,"Entre 6 a 8 horas, inclusive",Android,"Entre 4 a 6 horas, inclusive",Instagram,Menos de 2 horas,Diariamente,Mensalmente,Diariamente,Diariamente,Diariamente,Menos frequentemente,Diariamente,16,16,18,14,17,12,21,11,13,14,20,25,24,23,23,22,28,28,20,23,22,17,19,25,18,19,17,23,17,22,93,104,148,126,116,23,17,17
6,7,3,7,2,6,1,2,2,4,135.22,7.0,70.12,58.1,13,8,5,0,0,0,8,8,0,4,1,0,0,37,0,37,0-0-0-0-0-0-0-0-0-0,0-0-0-0-0-0-0-0-0-0,0-0-0-0-0-0-0-0-0-0,0-0-0-0-8-0-1-0-0-0,0-0-0-7-0-0-1-0-0-0,0-0-0-0-0-0-0-0-0-0,0-0-0-0-0-0-0-0-0-0,0-0-0-1-0-0-0-0-0-0,0-0-0-0-0-0-0-0-0-0,0-0-0-0-0-0-0-0-0-0,Masculino,22,Licenciatura,Google Chrome,"Entre 2 a 4 horas, inclusive",Windows,"Entre 2 a 4 horas, inclusive",iOS,"Entre 4 a 6 horas, inclusive",Instagram,Menos de 2 horas,Diariamente,Mensalmente,Mensalmente,Diariamente,Diariamente,Semanalmente,Diariamente,25,14,16,12,22,14,24,19,10,18,30,28,17,18,24,14,27,25,17,24,20,24,27,21,19,27,25,30,25,17,103,129,125,133,143,27,5,13
4,7,6,7,5,6,2,2,2,4,222.42,44.51,97.71,80.2,14,9,5,0,0,0,9,9,0,4,1,0,0,93,18,75,0-0-0-0-0-0-1-0-0-0,0-0-0-0-0-0-0-0-0-0,0-0-0-0-0-0-0-0-0-0,1-0-0-0-9-0-0-0-0-0,0-0-0-8-0-0-1-0-0-0,0-0-0-0-0-0-0-0-0-0,0-0-0-0-0-0-0-0-0-0,0-0-0-1-0-0-0-0-0-0,0-0-0-0-0-0-0-0-0-0,0-0-0-0-0-0-0-0-0-0,0,0,0,0,0,0,0,0,0,0,0,0,0,0,0,0,0,0,16,10,4,10,16,22,4,16,16,10,4,16,22,10,10,22,10,22,10,22,10,22,16,4,10,22,4,10,16,10,78,66,96,84,72,24,24,24
7,7,7,7,7,7,3,3,1,4,226.62,140.55,72.52,13.56,10,9,1,4,4,0,5,5,0,0,1,0,0,58,29,29,0-4-0-1-0-0-0-0-0-0,4-0-0-0-0-0-0-0-0-0,0-0-0-0-0-0-0-0-0-0,0-0-0-0-5-0-0-0-0-0,0-0-0-4-0-0-0-0-0-0,0-0-0-0-0-0-0-0-0-0,0-0-0-0-0-0-0-0-0-0,1-0-0-0-0-0-0-0-0-0,0-0-0-0-0-0-0-0-0-0,0-0-0-0-0-0-0-0-0-0,Feminino,22,Licenciatura,Google Chrome,"Entre 4 a 6 horas, inclusive",Windows,"Entre 2 a 4 horas, inclusive",iOS,"Entre 2 a 4 horas, inclusive",Instagram,Menos de 2 horas,Diariamente,Mensalmente,Menos frequentemente,Semanalmente,Diariamente,Diariamente,Diariamente,18,13,13,15,14,10,23,15,19,21,20,20,21,13,20,19,22,24,18,20,23,19,18,17,24,12,25,26,25,23,83,118,119,115,135,37,10,14
6,7,7,7,7,6,3,1,1,3,200.42,70.22,65.82,64.38,14,8,6,3,3,0,5,5,0,4,2,0,0,57,17,40,0-3-0-0-0-0-1-0-0-0,3-0-0-0-0-0-0-0-0-0,0-0-0-0-0-0-0-0-0-0,0-0-0-0-5-0-1-0-0-0,0-0-0-4-0-0-1-0-0-0,0-0-0-0-0-0-0-0-0-0,0-0-0-1-0-0-0-1-0-0,0-0-0-1-0-0-0-0-0-0,0-0-0-0-0-0-0-0-0-0,0-0-0-0-0-0-0-0-0-0,Masculino,23,Mestrado,Outro,"Entre 4 a 6 horas, inclusive",Linux,"Entre 4 a 6 horas, inclusive",Android,Menos de 2 horas,Reddit,Menos de 2 horas,Diariamente,Mensalmente,Menos frequentemente,Semanalmente,Mensalmente,Menos frequentemente,Diariamente,22,16,18,17,7,9,19,14,15,15,20,21,15,22,16,15,24,17,13,18,21,20,17,23,24,23,24,22,22,24,89,104,109,112,139,26,13,19
6,7,7,7,6,5,2,2,2,4,136.7,13.34,103.34,20.02,9,6,3,0,0,0,6,6,0,2,1,0,0,43,0,43,0-0-0-0-0-0-0-0-0-0,0-0-0-0-0-0-0-0-0-0,0-0-0-0-0-0-0-0-0-0,0-0-0-0-6-0-0-0-0-0,0-0-0-4-0-0-2-0-0-0,0-0-0-0-0-0-0-0-0-0,0-0-0-2-0-0-0-0-0-0,0-0-0-1-0-0-0-0-0-0,0-0-0-0-0-0-0-0-0-0,0-0-0-0-0-0-0-0-0-0,Masculino,23,Outro,Opera,"Entre 4 a 6 horas, inclusive",Windows,"Entre 6 a 8 horas, inclusive",iOS,"Entre 6 a 8 horas, inclusive",Instagram,"Entre 2 a 4 horas, inclusive",Semanalmente,Mensalmente,Menos frequentemente,Semanalmente,Semanalmente,Mensalmente,Semanalmente,18,18,26,20,20,16,20,19,10,15,23,16,19,17,16,16,18,17,12,16,21,13,23,16,14,10,17,12,13,16,118,103,103,101,82,29,18,24
6,7,6,7,6,6,6,3,1,4,136.68,20.43,116.26,0.0,0,0,0,0,0,0,0,0,0,0,0,0,0,50,0,50,0-0-0-0-0-0-0-0-0-0,0-0-0-0-0-0-0-0-0-0,0-0-0-0-0-0-0-0-0-0,0-0-0-0-0-0-0-0-0-0,0-0-0-0-0-0-0-0-0-0,0-0-0-0-0-0-0-0-0-0,0-0-0-0-0-0-0-0-0-0,0-0-0-0-0-0-0-0-0-0,0-0-0-0-0-0-0-0-0-0,0-0-0-0-0-0-0-0-0-0,Feminino,21,Ensino Secundário,Google Chrome,"Entre 2 a 4 horas, inclusive",Linux,"Entre 4 a 6 horas, inclusive",Android,"Entre 2 a 4 horas, inclusive",Twitter,"Entre 2 a 4 horas, inclusive",Menos frequentemente,Diariamente,Diariamente,Mensalmente,Diariamente,Diariamente,Menos frequentemente,27,19,25,23,21,27,21,11,5,14,18,20,19,22,19,8,26,20,10,19,19,26,18,23,14,17,23,8,11,24,142,89,114,115,97,27,28,19
7,7,7,7,7,7,4,1,1,3,114.69,97.9,0.8,15.98,5,4,1,4,4,0,0,0,0,0,1,0,0,36,36,0,0-4-0-0-0-0-0-1-0-0,4-0-0-0-0-0-0-0-0-0,0-0-0-0-0-0-0-0-0-0,0-0-0-0-0-0-0-0-0-0,0-0-0-0-0-0-0-0-0-0,0-0-0-0-0-0-0-0-0-0,0-0-0-0-0-0-0-0-0-0,1-0-0-0-0-0-0-0-0-0,0-0-0-0-0-0-0-0-0-0,0-0-0-0-0-0-0-0-0-0,Masculino,22,Licenciatura,Mozilla Firefox,Mais de 8 horas,Windows,Mais de 8 horas,Android,"Entre 2 a 4 horas, inclusive",Instagram,Menos de 2 horas,Semanalmente,Mensalmente,Semanalmente,Semanalmente,Semanalmente,Mensalmente,Menos frequentemente,17,13,7,18,26,14,28,25,20,14,21,28,26,12,16,22,29,24,18,15,22,12,11,12,20,19,24,15,10,17,95,136,129,90,105,28,16,16
6,7,6,7,6,5,3,1,1,3,374.57,190.45,149.98,34.14,26,14,12,3,3,0,18,11,7,4,1,0,0,57,25,32,0-3-0-0-0-0-0-0-0-0,1-0-0-0-0-0-2-0-0-0,0-0-0-0-0-0-0-0-0-0,0-0-0-0-11-7-0-0-0-0,0-0-0-11-0-0-0-0-0-0,0-0-0-6-0-0-1-0-0-0,2-0-0-1-0-0-0-0-0-0,1-0-0-0-0-0-0-0-0-0,0-0-0-0-0-0-0-0-0-0,0-0-0-0-0-0-0-0-0-0,Feminino,28,Mestrado,Google Chrome,"Entre 6 a 8 horas, inclusive",Windows,"Entre 6 a 8 horas, inclusive",Android,Menos de 2 horas,LinkedIn,Menos de 2 horas,Diariamente,Menos frequentemente,Semanalmente,Semanalmente,Mensalmente,Mensalmente,Semanalmente,26,12,17,22,11,14,21,8,3,9,14,17,18,24,17,23,22,25,21,25,26,26,24,20,26,26,27,20,22,19,102,72,129,142,140,38,17,13
6,6,6,6,5,4,2,3,2,3,167.64,77.01,25.19,65.44,15,8,6,7,6,1,2,2,0,3,2,1,0,44,27,17,0-6-1-1-0-0-0-0-0-0,5-0-0-0-0-0-1-0-0-0,1-0-0-0-0-0-0-0-0-0,0-0-0-0-2-0-1-0-0-0,0-0-0-2-0-0-0-0-0-0,0-0-0-0-0-0-0-0-0-0,0-0-0-0-0-0-0-1-1-0,1-0-0-0-0-0-0-0-0-0,0-0-0-0-0-0-0-0-0-0,0-0-0-0-0-0-0-0-0-0,0,0,0,0,0,0,0,0,0,0,0,0,0,0,0,0,0,0,16,10,4,10,16,22,4,16,16,10,4,16,22,10,10,22,10,22,10,22,10,22,16,4,10,22,4,10,16,10,78,66,96,84,72,24,24,24
6,7,7,7,7,5,1,3,2,3,265.78,125.16,77.86,62.76,36,20,16,9,9,0,17,11,6,9,1,0,0,61,17,44,0-9-0-0-0-0-1-0-0-0,3-0-0-0-0-0-6-0-0-0,0-0-0-0-0-0-0-0-0-0,1-0-0-0-10-6-0-0-0-0,0-0-0-10-0-0-1-0-0-0,0-0-0-5-1-0-0-0-0-0,7-0-0-0-0-0-0-0-0-0,0-0-0-1-0-0-0-0-0-0,0-0-0-0-0-0-0-0-0-0,0-0-0-0-0-0-0-0-0-0,0,0,0,0,0,0,0,0,0,0,0,0,0,0,0,0,0,0,16,10,4,10,16,22,4,16,16,10,4,16,22,10,10,22,10,22,10,22,10,22,16,4,10,22,4,10,16,10,78,66,96,84,72,24,24,24
6,7,5,7,7,6,6,2,2,4,202.77,22.26,138.22,42.28,14,9,5,0,0,0,9,9,0,4,1,0,0,55,1,54,0-0-0-1-0-0-0-0-0-0,0-0-0-0-0-0-0-0-0-0,0-0-0-0-0-0-0-0-0-0,0-0-0-0-9-0-3-0-0-0,0-0-0-8-0-0-1-0-0-0,0-0-0-0-0-0-0-0-0-0,1-0-0-1-0-0-0-0-0-0,0-0-0-1-0-0-0-0-0-0,0-0-0-0-0-0-0-0-0-0,0-0-0-0-0-0-0-0-0-0,Feminino,24,Licenciatura,Google Chrome,Mais de 8 horas,Windows,Mais de 8 horas,iOS,"Entre 2 a 4 horas, inclusive",Twitter,Menos de 2 horas,Diariamente,Semanalmente,Menos frequentemente,Diariamente,Semanalmente,Diariamente,Diariamente,23,12,24,24,19,14,28,19,15,24,22,30,18,25,26,17,21,21,20,19,27,22,22,20,22,15,22,24,16,23,116,138,128,130,122,36,35,23
6,7,6,7,7,6,1,2,2,4,213.78,47.03,132.61,34.14,14,8,5,0,0,0,8,8,0,4,1,1,0,48,0,48,0-0-0-0-0-0-0-0-0-0,0-0-0-0-0-0-0-0-0-0,0-0-0-0-0-0-0-0-0-0,0-0-0-0-8-0-1-0-0-0,0-0-0-5-0-0-2-0-1-0,0-0-0-0-0-0-0-0-0-0,0-0-0-2-0-0-0-0-0-0,0-0-0-1-0-0-0-0-0-0,0-0-0-1-0-0-0-0-0-0,0-0-0-0-0-0-0-0-0-0,Masculino,23,Licenciatura,Opera,"Entre 4 a 6 horas, inclusive",Windows,"Entre 4 a 6 horas, inclusive",Android,Mais de 8 horas,Twitter,"Entre 4 a 6 horas, inclusive",Diariamente,Menos frequentemente,Mensalmente,Semanalmente,Mensalmente,Semanalmente,Mensalmente,18,11,23,17,12,17,27,19,13,15,26,25,18,16,16,12,20,26,24,16,19,26,24,20,24,24,20,14,16,17,98,125,108,129,115,33,26,35
6,7,6,7,6,5,2,3,2,3,267.36,123.34,65.36,78.67,23,14,9,7,7,0,7,7,0,8,1,0,0,45,17,28,0-7-0-0-0-0-0-0-0-0,2-0-0-0-0-0-5-0-0-0,0-0-0-0-0-0-0-0-0-0,0-0-0-0-7-0-0-0-0-0,0-0-0-4-0-0-2-0-0-0,0-0-0-0-0-0-0-0-0-0,5-0-0-2-0-0-0-0-0-0,1-0-0-0-0-0-0-0-0-0,0-0-0-0-0-0-0-0-0-0,0-0-0-0-0-0-0-0-0-0,Masculino,18,Ensino Secundário,Google Chrome,"Entre 6 a 8 horas, inclusive",Windows,Mais de 8 horas,Android,Mais de 8 horas,Twitter,Menos de 2 horas,Semanalmente,Menos frequentemente,Menos frequentemente,Semanalmente,Mensalmente,Mensalmente,Diariamente,13,20,22,14,24,15,16,14,14,5,22,15,14,22,15,15,23,24,11,14,19,12,16,23,17,16,17,3,7,11,108,86,113,95,71,28,25,29
7,7,7,7,7,5,4,3,1,4,362.03,226.06,72.33,63.64,12,8,4,6,6,0,2,2,0,3,1,0,0,57,27,30,0-6-0-1-0-0-0-0-0-0,4-0-0-0-0-0-2-0-0-0,0-0-0-0-0-0-0-0-0-0,1-0-0-0-2-0-0-0-0-0,0-0-0-1-0-0-1-0-0-0,0-0-0-0-0-0-0-0-0-0,2-0-0-1-0-0-0-0-0-0,1-0-0-0-0-0-0-0-0-0,0-0-0-0-0-0-0-0-0-0,0-0-0-0-0-0-0-0-0-0,0,0,0,0,0,0,0,0,0,0,0,0,0,0,0,0,0,0,16,10,4,10,16,22,4,16,16,10,4,16,22,10,10,22,10,22,10,22,10,22,16,4,10,22,4,10,16,10,78,66,96,84,72,24,24,24
5,7,7,7,6,6,2,3,2,3,225.87,86.98,95.8,43.09,19,9,6,4,4,0,5,5,0,5,1,2,2,34,14,20,0-4-0-0-0-0-0-0-0-0,2-0-0-0-0-0-2-0-0-0,0-0-0-0-0-0-0-0-0-0,0-0-0-0-5-0-1-0-1-0,0-0-0-2-0-0-2-0-1-0,0-0-0-0-0-0-0-0-0-0,1-0-0-2-0-0-0-0-0-0,1-0-0-0-0-0-0-0-0-0,0-0-0-0-0-0-0-0-0-2,0-0-0-2-0-0-0-0-0-0,Masculino,22,Licenciatura,Mozilla Firefox,Mais de 8 horas,Windows,Mais de 8 horas,Android,Mais de 8 horas,Reddit,"Entre 2 a 4 horas, inclusive",Diariamente,Mensalmente,Menos frequentemente,Diariamente,Semanalmente,Mensalmente,Diariamente,29,24,32,22,19,24,13,14,7,11,14,15,19,11,16,14,16,21,6,15,20,17,20,20,15,14,17,13,10,21,150,74,97,98,90,21,37,27
6,7,7,7,7,7,3,3,2,3,190.97,80.55,85.15,25.27,7,5,2,1,1,0,4,4,0,1,1,0,0,42,11,31,0-1-0-0-0-0-0-0-0-0,1-0-0-0-0-0-0-0-0-0,0-0-0-0-0-0-0-0-0-0,0-0-0-0-4-0-1-0-0-0,0-0-0-4-0-0-0-0-0-0,0-0-0-0-0-0-0-0-0-0,0-0-0-0-0-0-0-0-0-0,1-0-0-0-0-0-0-0-0-0,0-0-0-0-0-0-0-0-0-0,0-0-0-0-0-0-0-0-0-0,0,0,0,0,0,0,0,0,0,0,0,0,0,0,0,0,0,0,16,10,4,10,16,22,4,16,16,10,4,16,22,10,10,22,10,22,10,22,10,22,16,4,10,22,4,10,16,10,78,66,96,84,72,24,24,24
7,7,6,7,3,6,5,2,2,4,129.92,5.27,88.71,35.94,21,11,10,0,0,0,12,11,1,9,0,0,0,55,0,55,0-0-0-0-0-0-0-0-0-0,0-0-0-0-0-0-0-0-0-0,0-0-0-0-0-0-0-0-0-0,0-0-0-0-10-1-2-0-0-0,0-0-0-10-0-0-1-0-0-0,0-0-0-0-1-0-0-0-0-0,0-0-0-2-0-0-0-0-0-0,0-0-0-0-0-0-0-0-0-0,0-0-0-0-0-0-0-0-0-0,0-0-0-0-0-0-0-0-0-0,Feminino,23,Mestrado,Google Chrome,"Entre 6 a 8 horas, inclusive",macOS,"Entre 6 a 8 horas, inclusive",iOS,"Entre 2 a 4 horas, inclusive",Instagram,"Entre 2 a 4 horas, inclusive",Semanalmente,Mensalmente,Menos frequentemente,Semanalmente,Semanalmente,Mensalmente,Diariamente,20,11,19,18,22,9,23,12,18,17,23,20,22,22,22,22,22,26,19,23,27,19,26,22,23,14,26,18,20,15,99,113,136,136,116,36,20,18
7,7,7,7,7,5,6,3,1,4,235.07,167.85,67.22,0.0,3,2,1,3,2,1,0,0,0,0,0,0,0,61,37,24,0-2-1-1-0-0-0-0-0-0,2-0-0-0-0-0-0-0-0-0,1-0-0-0-0-0-0-0-0-0,1-0-0-0-0-0-0-0-0-0,0-0-0-0-0-0-0-0-0-0,0-0-0-0-0-0-0-0-0-0,0-0-0-0-0-0-0-0-0-0,0-0-0-0-0-0-0-0-0-0,0-0-0-0-0-0-0-0-0-0,0-0-0-0-0-0-0-0-0-0,Feminino,27,Mestrado,Google Chrome,Mais de 8 horas,macOS,"Entre 4 a 6 horas, inclusive",Android,"Entre 2 a 4 horas, inclusive",Instagram,Menos de 2 horas,Diariamente,Semanalmente,Semanalmente,Semanalmente,Diariamente,Semanalmente,Diariamente,23,14,17,17,19,15,24,17,12,16,18,24,18,23,23,21,18,18,21,19,25,19,23,26,22,27,28,23,14,19,105,111,121,133,133,28,16,20
6,7,6,7,7,6,3,3,1,4,170.07,113.05,22.36,34.66,33,23,4,13,11,2,13,12,1,0,1,4,2,43,24,19,0-11-1-0-0-0-0-0-0-0,9-0-1-0-0-0-0-0-1-0,2-0-0-0-0-0-0-0-0-0,0-0-0-0-12-1-0-0-0-0,0-0-0-11-0-0-0-0-0-0,0-0-0-0-0-0-0-0-1-0,0-0-0-0-0-0-0-0-0-0,1-0-0-0-0-0-0-0-0-0,0-0-0-0-0-0-0-0-0-2,1-0-0-1-0-0-0-0-0-0,Masculino,23,Licenciatura,Mozilla Firefox,"Entre 4 a 6 horas, inclusive",Windows,"Entre 6 a 8 horas, inclusive",Android,Menos de 2 horas,Reddit,Menos de 2 horas,Diariamente,Menos frequentemente,Diariamente,Diariamente,Diariamente,Semanalmente,Diariamente,25,16,21,19,12,12,22,12,17,19,20,16,24,29,27,17,23,23,18,25,22,23,23,26,21,25,27,24,19,24,105,106,143,137,140,32,22,19
7,7,7,7,7,7,1,1,1,3,175.13,98.59,0.0,76.54,15,9,6,9,9,0,0,0,0,5,1,0,0,32,32,0,0-9-0-0-0-0-2-0-0-0,8-0-0-0-0-0-1-0-0-0,0-0-0-0-0-0-0-0-0-0,0-0-0-0-0-0-0-0-0-0,0-0-0-0-0-0-0-0-0-0,0-0-0-0-0-0-0-0-0-0,2-0-0-0-0-0-0-0-0-0,1-0-0-0-0-0-0-0-0-0,0-0-0-0-0-0-0-0-0-0,0-0-0-0-0-0-0-0-0-0,0,0,0,0,0,0,0,0,0,0,0,0,0,0,0,0,0,0,16,10,4,10,16,22,4,16,16,10,4,16,22,10,10,22,10,22,10,22,10,22,16,4,10,22,4,10,16,10,78,66,96,84,72,24,24,24
5,7,7,7,7,7,1,1,1,3,275.56,178.06,0.0,97.51,18,11,7,11,11,0,0,0,0,6,1,0,0,83,83,0,0-11-0-0-0-0-2-0-0-0,11-0-0-0-0-0-0-0-0-0,0-0-0-0-0-0-0-0-0-0,0-0-0-0-0-0-0-0-0-0,0-0-0-0-0-0-0-0-0-0,0-0-0-0-0-0-0-0-0-0,1-0-0-0-0-0-0-0-0-0,1-0-0-0-0-0-0-0-0-0,0-0-0-0-0-0-0-0-0-0,0-0-0-0-0-0-0-0-0-0,Masculino,25,Mestrado,Edge,"Entre 4 a 6 horas, inclusive",Windows,"Entre 4 a 6 horas, inclusive",Android,"Entre 4 a 6 horas, inclusive",Outra,Menos de 2 horas,Diariamente,Mensalmente,Diariamente,Semanalmente,Semanalmente,Semanalmente,Diariamente,20,8,14,22,16,8,22,7,13,19,15,28,22,19,19,14,24,18,22,22,27,21,22,17,24,16,24,20,23,22,88,104,116,131,129,35,13,15
5,7,6,7,5,6,2,2,2,4,176.57,42.84,84.27,49.46,16,9,7,0,0,0,9,9,0,6,1,0,0,52,0,52,0-0-0-0-0-0-0-0-0-0,0-0-0-0-0-0-0-0-0-0,0-0-0-0-0-0-0-0-0-0,0-0-0-0-9-0-0-0-0-0,0-0-0-5-0-0-4-0-0-0,0-0-0-0-0-0-0-0-0-0,0-0-0-3-0-0-0-1-0-0,0-0-0-0-0-0-0-0-0-0,0-0-0-0-0-0-0-0-0-0,0-0-0-0-0-0-0-0-0-0,Masculino,21,Licenciatura,Google Chrome,"Entre 4 a 6 horas, inclusive",Linux,"Entre 6 a 8 horas, inclusive",iOS,Mais de 8 horas,Twitter,"Entre 2 a 4 horas, inclusive",Diariamente,Mensalmente,Menos frequentemente,Semanalmente,Semanalmente,Mensalmente,Diariamente,25,19,20,23,10,12,19,14,19,14,12,20,18,11,17,5,18,14,17,21,20,23,20,16,29,16,25,28,24,28,109,98,83,117,150,32,18,16
7,7,6,7,7,6,1,2,2,4,161.35,103.1,47.9,10.35,6,5,1,1,1,0,4,4,0,1,0,0,0,70,41,29,0-1-0-0-0-0-0-0-0-0,1-0-0-0-0-0-0-0-0-0,0-0-0-0-0-0-0-0-0-0,1-0-0-0-4-0-1-0-0-0,0-0-0-4-0-0-0-0-0-0,0-0-0-0-0-0-0-0-0-0,0-0-0-1-0-0-0-0-0-0,0-0-0-0-0-0-0-0-0-0,0-0-0-0-0-0-0-0-0-0,0-0-0-0-0-0-0-0-0-0,Masculino,22,Licenciatura,Google Chrome,Mais de 8 horas,Linux,Mais de 8 horas,Android,Menos de 2 horas,Twitter,Menos de 2 horas,Diariamente,Mensalmente,Semanalmente,Menos frequentemente,Diariamente,Menos frequentemente,Diariamente,20,21,12,13,20,12,21,14,15,13,15,20,19,15,21,18,20,23,17,21,20,16,22,19,21,16,21,22,17,18,98,98,116,115,115,25,14,18
7,7,7,7,7,6,5,2,2,4,94.18,6.0,87.69,0.5,3,3,0,0,0,0,3,3,0,0,0,0,0,44,0,44,0-0-0-0-0-0-0-0-0-0,0-0-0-0-0-0-0-0-0-0,0-0-0-0-0-0-0-0-0-0,0-0-0-0-3-0-0-0-0-0,0-0-0-3-0-0-0-0-0-0,0-0-0-0-0-0-0-0-0-0,0-0-0-0-0-0-0-0-0-0,0-0-0-0-0-0-0-0-0-0,0-0-0-0-0-0-0-0-0-0,0-0-0-0-0-0-0-0-0-0,Masculino,23,Licenciatura,Google Chrome,"Entre 6 a 8 horas, inclusive",Windows,"Entre 6 a 8 horas, inclusive",iOS,"Entre 4 a 6 horas, inclusive",Instagram,Menos de 2 horas,Diariamente,Diariamente,Diariamente,Diariamente,Diariamente,Diariamente,Mensalmente,26,11,16,25,23,15,27,22,15,16,18,27,29,23,25,9,23,21,22,22,25,23,17,23,26,22,26,23,21,18,116,125,130,132,136,27,16,10
6,7,6,7,5,6,1,3,2,3,167.77,122.22,18.29,27.25,21,17,4,6,5,1,12,12,0,2,1,0,0,55,39,16,0-5-0-1-0-0-1-0-0-0,4-0-1-0-0-0-0-0-0-0,1-0-0-0-0-0-0-0-0-0,0-0-0-0-12-0-0-0-0-0,1-0-0-11-0-0-0-0-0-0,0-0-0-0-0-0-0-0-0-0,1-0-0-0-0-0-0-0-0-0,1-0-0-0-0-0-0-0-0-0,0-0-0-0-0-0-0-0-0-0,0-0-0-0-0-0-0-0-0-0,Masculino,23,Licenciatura,Google Chrome,"Entre 4 a 6 horas, inclusive",Windows,"Entre 4 a 6 horas, inclusive",Android,"Entre 6 a 8 horas, inclusive",Outra,Menos de 2 horas,Diariamente,Mensalmente,Mensalmente,Diariamente,Semanalmente,Semanalmente,Diariamente,6,8,10,8,12,6,16,6,12,10,16,24,31,18,23,19,32,19,20,18,21,19,15,24,23,11,24,14,15,22,50,84,142,117,109,39,15,20
6,7,6,6,4,6,4,1,1,3,217.68,51.04,158.43,8.21,8,6,2,0,0,0,6,6,0,1,1,0,0,75,2,73,0-0-0-1-0-0-0-0-0-0,0-0-0-0-0-0-0-0-0-0,0-0-0-0-0-0-0-0-0-0,0-0-0-0-6-0-0-0-0-0,0-0-0-5-0-0-1-0-0-0,0-0-0-0-0-0-0-0-0-0,0-0-0-0-0-0-0-0-0-0,1-0-0-0-0-0-0-0-0-0,0-0-0-0-0-0-0-0-0-0,0-0-0-0-0-0-0-0-0-0,0,0,0,0,0,0,0,0,0,0,0,0,0,0,0,0,0,0,16,10,4,10,16,22,4,16,16,10,4,16,22,10,10,22,10,22,10,22,10,22,16,4,10,22,4,10,16,10,78,66,96,84,72,24,24,24
6,7,6,7,7,6,6,1,1,3,204.71,121.83,12.8,70.08,16,10,6,10,10,0,0,0,0,5,1,0,0,36,36,0,0-10-0-0-0-0-2-0-0-0,9-0-0-0-0-0-1-0-0-0,0-0-0-0-0-0-0-0-0-0,0-0-0-0-0-0-0-0-0-0,0-0-0-0-0-0-0-0-0-0,0-0-0-0-0-0-0-0-0-0,1-0-0-0-0-0-0-0-0-0,1-0-0-0-0-0-0-0-0-0,0-0-0-0-0-0-0-0-0-0,0-0-0-0-0-0-0-0-0-0,0,0,0,0,0,0,0,0,0,0,0,0,0,0,0,0,0,0,16,10,4,10,16,22,4,16,16,10,4,16,22,10,10,22,10,22,10,22,10,22,16,4,10,22,4,10,16,10,78,66,96,84,72,24,24,24
5,7,6,7,5,6,4,1,1,3,83.03,54.6,0.0,28.43,15,9,6,9,9,0,0,0,0,5,1,0,0,35,35,0,0-9-0-0-0-0-2-0-0-0,8-0-0-0-0-0-1-0-0-0,0-0-0-0-0-0-0-0-0-0,0-0-0-0-0-0-0-0-0-0,0-0-0-0-0-0-0-0-0-0,0-0-0-0-0-0-0-0-0-0,1-0-0-0-0-0-0-0-0-0,1-0-0-0-0-0-0-0-0-0,0-0-0-0-0-0-0-0-0-0,0-0-0-0-0-0-0-0-0-0,Masculino,21,Ensino Secundário,Edge,"Entre 2 a 4 horas, inclusive",Windows,"Entre 6 a 8 horas, inclusive",iOS,"Entre 2 a 4 horas, inclusive",Facebook,Menos de 2 horas,Mensalmente,Semanalmente,Semanalmente,Diariamente,Diariamente,Semanalmente,Mensalmente,21,18,11,17,22,12,27,19,24,18,18,30,27,14,25,10,31,17,12,8,21,6,11,16,26,23,25,24,19,19,101,136,124,74,136,32,6,25
2,4,3,4,4,3,3,2,2,4,226.57,41.47,116.75,68.34,14,8,6,0,0,0,8,8,0,5,1,0,0,46,0,46,0-0-0-0-0-0-0-0-0-0,0-0-0-0-0-0-0-0-0-0,0-0-0-0-0-0-0-0-0-0,0-0-0-0-8-0-1-0-0-0,0-0-0-7-0-0-1-0-0-0,0-0-0-0-0-0-0-0-0-0,0-0-0-0-0-0-0-0-0-0,0-0-0-1-0-0-0-0-0-0,0-0-0-0-0-0-0-0-0-0,0-0-0-0-0-0-0-0-0-0,Feminino,50,Licenciatura,Google Chrome,Mais de 8 horas,Windows,"Entre 6 a 8 horas, inclusive",iOS,Menos de 2 horas,Facebook,Menos de 2 horas,Diariamente,Menos frequentemente,Menos frequentemente,Menos frequentemente,Mensalmente,Diariamente,Diariamente,22,25,18,18,25,11,20,18,21,12,18,10,19,25,21,19,20,20,15,18,16,18,14,15,27,22,26,24,22,14,119,99,124,96,135,33,17,13
